numero,pregunta,documento_esperado,pagina_esperada,sin_respuesta,rank,documento,titulo_documento,pagina_inicio,pagina_fin,chunk_id,chunk_global_id,vector_posicion,similitud,documento_correcto,chunk_relevante,texto
1,¿Con qué periodicidad sesiona ordinariamente el Consejo Académico?,documento_fuente.pdf,3.0,False,1,ley_organica_ues.pdf,Ley Orgánica de la Universidad de El Salvador,5,5,24,241,240,0.7039943933486938,False,False,"sos en que los miembros suplentes podrán devengar dietas por las sesiones a que asistan sin sustituir al propietario. En todo caso, no podrá pagarse dietas por más de cuatro sesiones en el mes. Reuniones Art. 18. - La Asamblea General Universitaria se reunirá ordinariamente una vez al mes y extraordinariamente cuando convoque la Junta Directiva, por iniciativa de la misma o a solicitud escrita del Consejo Superior Universitario, del Rector; o cuando lo requiera, también por escrito, un número no inferior al treinta por ciento del total de sus miembros. En caso de extrema gravedad o de gran importancia para la existencia o la buena marcha de la Universidad, la Asamblea deberá declararse en sesión permanente por el tiempo que sea necesario. Atribuciones y deberes Art. 19. - La Asamblea Gener"
1,¿Con qué periodicidad sesiona ordinariamente el Consejo Académico?,documento_fuente.pdf,3.0,False,2,ley_organica_ues.pdf,Ley Orgánica de la Universidad de El Salvador,11,11,51,268,267,0.6834816932678223,False,False,"informar al Decano sobre el desempeño de las distintas dependencias de la misma. Además, deberá cumplir las atribuciones y deberes que le establezcan los reglamentos. Asambleas del Personal Académico Art. 35. - En cada Facultad habrá una Asamblea del Personal Académico integrada por la totalidad de los docentes, de los investigadores y de los encargados de la proyección social, que pertenezcan a la respectiva Facultad. Corresponde a las Asambleas del Personal Académico dictaminar sobre asuntos pedagógicos y en general sobre asuntos técnicos, propios de la Facultad de que se trate; y tendrán, además, las atribuciones y deberes que le establezcan los reglamentos. CAPÍTULO IV DEL ORDEN JURÍDICO Y LA ASESORÍA LEGAL Fiscalía General de la Universidad Art. 36. - La Fiscalía General de la Univers"
1,¿Con qué periodicidad sesiona ordinariamente el Consejo Académico?,documento_fuente.pdf,3.0,False,3,documento_fuente.pdf,Reglamento de la Gestión Académico-Administrativa de la Universidad de El Salvador,36,36,125,125,124,0.682252824306488,True,False,"s administraciones Académicas Locales enviaran a la Administración Académica Central los colectores de las evaluaciones realizadas por los estudiantes a más tardar dentro de la tercera semana después de finalizado el ciclo respectivo, para el archivo correspondiente. Articulo 142. La Junta Directiva de Facultad, aprobará el calendario general de las evaluaciones, de acuerdo al calendario de actividades académicas–administrativas aprobado por el Consejo Superior Universitario. La Dirección o Jefatura responsable informará a la población interesada sobre el calendario antes mencionado por todos los medios a su alcance y no podrá ser modificado arbitrariamente. Artículo 143. Las actividades de evaluación de un mismo nivel de estudio se calendarizarán, evitando la simultaneidad de las evaluaci"
1,¿Con qué periodicidad sesiona ordinariamente el Consejo Académico?,documento_fuente.pdf,3.0,False,4,reglamento_general_ley_organica_ues.pdf,Reglamento General de la Ley Orgánica de la Universidad de El Salvador,11,11,46,563,562,0.6726645231246948,False,False,"os de la UES. De la Asamblea del Personal Académico Art. 43. - En cada Facultad habrá una Asamblea de Personal Académico, integrada por los Docentes que reúnen los requisitos del Art. 46 de la Ley Orgánica y lo establecido en el Reglamento de Escalafón en lo relativo al Personal Académico, los investigadores y los encargados de la Proyección Social que cumplan los requisitos para ser docentes. La Asamblea del Personal académico, será el máximo organismo asesor y consultivo de la JD y del Comité Técnico Asesor, así como también elector de sus representantes ante los órganos de gobierno de la Universidad. Cuando ejerza las funciones electorales se regirá de conformidad a la Ley Orgánica y al Reglamento Electoral. Otras Atribuciones y deberes De la Asamblea del Personal Académico Art. 44. - A"
1,¿Con qué periodicidad sesiona ordinariamente el Consejo Académico?,documento_fuente.pdf,3.0,False,5,reglamento_general_ley_organica_ues.pdf,Reglamento General de la Ley Orgánica de la Universidad de El Salvador,12,12,48,565,564,0.6661121249198914,False,False,"sarias; convocará el Decano, por iniciativa propia o cuando lo pidan por escrito un número no menor al veinticinco por ciento de sus integrantes. La convocatoria para sesión de Asamblea de Personal Académico, deberá hacerse por escrito a los integrantes de la Asamblea, con al menos veinticuatro horas de anticipación, debiendo incluirse en la misma, los puntos a tratar. Las convocatorias para la primera y segunda citación, podrán hacerse simultáneamente, habrá un lapso de media hora de espera, como mínimo entre las horas fijadas para las sesiones. Quórum y Toma de Decisiones Art.46. - Para que pueda sesionar válidamente la Asamblea de Personal Académico, se requerirá en primera y segunda convocatoria, la concurrencia de la mitad más uno de sus integrantes. En las sesiones el Decano, el Vice"
1,¿Con qué periodicidad sesiona ordinariamente el Consejo Académico?,documento_fuente.pdf,3.0,False,6,reglamento_sistema_escalafon_personal_ues.pdf,Reglamento General del Sistema de Escalafón del Personal de la Universidad de El Salvador,26,27,104,733,732,0.6657689213752747,False,False," el escalafón, serán evaluados anualmente por el órgano competente para su elección o nombramiento, debiendo remitir la evaluación al Consejo de Administración de la Carrera del Personal Académico de la Facultad o al respectivo Comité Local, según corresponda. A la terminación del período del cargo, el académico o administrativo no docente, será ubicado en la categoría que corresponda, con base a los resultados de las evaluaciones y el tiempo de servicio, quedando exonerados de la aplicación de los demás aspectos y factores exigibles.

451 Los miembros del Consejo de Administración de la Carrera del Personal Académico y del Comité Local, serán evaluados por la Junta Directiva y el Decano respectivamente y en el caso de oficinas centrales, por la Rectoría. Salario de los cargos que no gozan"
1,¿Con qué periodicidad sesiona ordinariamente el Consejo Académico?,documento_fuente.pdf,3.0,False,7,reglamento_electoral_ues.pdf,Reglamento Electoral de la Universidad de El Salvador,7,8,22,458,457,0.6603193879127502,False,False,"á parte de la Asamblea del Personal Académico si reúnen los requisitos a que se refiere el inciso anterior. Para facilitar la celebración de las sesiones de la asamblea, el personal académico suspenderá sus actividades académicas, previa autorización del Decano de la Facultad correspondiente y la asistencia será obligatoria, salvo causa debidamente justificada. Obligación de la Secretaría de la Facultad Art. 15. La persona nombrada como Secretario de cada Facultad, proporcionará el listado del personal académico para establecer la nómina de integrantes de la asamblea, al menos con cinco días hábiles de anticipación.

El listado deberá contener la clasificación escalafonaria y tiempo de servicio de cada docente, y demás información que sea necesaria para identificar a las personas elegibles"
1,¿Con qué periodicidad sesiona ordinariamente el Consejo Académico?,documento_fuente.pdf,3.0,False,8,reglamento_general_ley_organica_ues.pdf,Reglamento General de la Ley Orgánica de la Universidad de El Salvador,12,12,50,567,566,0.6575130224227905,False,False,"n interna. El Comité Técnico Asesor será convocado y coordinado por el Vice-Decano, elegirá entre sus miembros al secretario del mismo, el cual en ausencia del Vice-Decano podrá convocar y/o coordinar las sesiones. El Comité se reunirá cada 15 días como mínimo, pero podrá hacerlo las veces que sea necesario de acuerdo a las necesidades propias de la Facultad. La asistencia a las reuniones para sus miembros será obligatoria. Los dictámenes en el Comité Técnico se tomarán con la mitad más uno de sus integrantes. Atribuciones del Comité Técnico Asesor de la Junta Directiva Art.48. - El Comité Técnico tendrá las atribuciones siguientes: a) Asesorar a la Junta Directiva, en cuestiones académicas y curriculares de las respectivas unidades académicas de la Facultad; b) Proponer para su dictamen a"
1,¿Con qué periodicidad sesiona ordinariamente el Consejo Académico?,documento_fuente.pdf,3.0,False,9,ley_organica_ues.pdf,Ley Orgánica de la Universidad de El Salvador,6,7,30,247,246,0.644723653793335,False,False,"ejo Superior Universitario estará integrado por el Rector, los Decanos, un representante del Personal Académico de cada Facultad y un representante de los estudiantes de cada Facultad. El Consejo será presidido por el Rector, quien tendrá voto de calidad en caso de empate.

82 Los miembros que actúen por representación en este organismo, durarán dos años en sus funciones y podrán ser reelectos sólo por un período más en forma consecutiva. Cada representante tendrá su respectivo suplente. Atribuciones y deberes Art. 22. - Dentro de sus funciones administrativa, docente, técnica y disciplinaria, el Consejo Superior Universitario tendrá las siguientes atribuciones y deberes: a) Emitir su reglamento interno; b) Dirigir y administrar la Universidad; c) Elaborar la propuesta del anteproyecto de "
1,¿Con qué periodicidad sesiona ordinariamente el Consejo Académico?,documento_fuente.pdf,3.0,False,10,documento_fuente.pdf,Reglamento de la Gestión Académico-Administrativa de la Universidad de El Salvador,2,3,6,6,5,0.6392370462417603,True,True,"dor y tendrá las facultades que le otorga la legislación universitaria en general y en particular el presente Reglamento. CONSEJO ACADÉMICO. De la integración del Consejo Académico. Artículo 6. El Consejo Académico estará integrado por el Vicerrector Académico, quien lo coordinará, el Vicedecano de cada Facultad y el Secretario de Asuntos Académicos.

3 Este Consejo será el máximo Organismo asesor en materia académica administrativa de la Universidad de El Salvador; el Consejo Académico sesionará una vez al mes de forma ordinaria y extraordinariamente las veces que sea necesario. El quórum mínimo para sesionar será la mitad más uno de los integrantes y tomará decisiones con la mitad más uno de los presentes. ATRIBUCIONES Y DEBERES DEL CONSEJO ACADÉMICO. Artículo 7. Son Atribuciones y deber"
2,¿Cuál es el máximo de veces que un estudiante puede cambiar de carrera?,documento_fuente.pdf,40.0,False,1,documento_fuente.pdf,Reglamento de la Gestión Académico-Administrativa de la Universidad de El Salvador,40,40,138,138,137,0.707211971282959,True,False," 157. Todo estudiante para tener derecho al cambio de carrera debe cumplir con los siguientes requisitos: 1) Haber estado matriculado como mínimo durante un año académico e inscrito Unidades de Aprendizaje al menos durante un ciclo académico. 2) Tener aprobado al menos el 20 por ciento del total de las Unidades de Aprendizaje inscritas desde su ingreso. 3) No poseer unidades de aprendizaje reprobadas en última matrícula, que sean obligatorias en la carrera solicitada o que resultaren equivalentes de acuerdo a lo establecido en el plan de estudio; y 4) No tener pendiente el cumplimiento de sanción disciplinaria. El cambio de carrera no podrá ser concedido a ningún estudiante que lo solicite para el mismo año de su ingreso ** DEL TRÁMITE DE CAMBIO DE CARRERA. Articulo 158. El trámite de camb"
2,¿Cuál es el máximo de veces que un estudiante puede cambiar de carrera?,documento_fuente.pdf,40.0,False,2,ley_organica_ues.pdf,Ley Orgánica de la Universidad de El Salvador,5,5,21,238,237,0.6272992491722107,False,False,"ngan menos de dicho tiempo de fundación, o creadas con posterioridad a la vigencia de la presente Ley; c) Tratándose de estudiantes, haber aprobado el cincuenta por ciento de su carrera como mínimo en la Facultad correspondiente; haber obtenido en el año anterior, un promedio de calificaciones no menor del setenta por ciento del máximo obtenible, o su equivalente en otros sistemas y haber estudiado en la Universidad como alumno regular, durante los dos años anteriores a la elección. Además de los requisitos anteriores, los representantes a que se refiere el presente articulo, deberán ser salvadoreños, de reconocida honorabilidad; no ser funcionarios públicos, ni desempeñar cargos de dirección en la Universidad o en otras universidades e instituciones de educación superior, ni formar parte "
2,¿Cuál es el máximo de veces que un estudiante puede cambiar de carrera?,documento_fuente.pdf,40.0,False,3,documento_fuente.pdf,Reglamento de la Gestión Académico-Administrativa de la Universidad de El Salvador,59,59,207,207,206,0.6183624267578125,True,False," del Curso de Formación Pedagógica, los títulos de posgrados y aquellos otros que tengan una duración igual o mayor a seis meses. PÉRDIDA DE LA AUTORIZACIÓN DE REPOSICIÓN. Artículo 246. El interesado que sin causa justificada no hiciere uso de su derecho de reposición en el plazo de seis meses a partir de la emisión del Acuerdo del Consejo Superior Universitario, se le archivará el respectivo expediente, debiendo reiniciar el proceso de la reposición en caso de interesarse nuevamente. INCINERACIÓN DE TÍTULO DAÑADO. Artículo 247. Una vez finalizado el trámite de reposición de título por la causal de daño, la Secretaria de Asuntos Académicos procederá a solicitar al Consejo Superior Universitario, autorización para incinerar el título dañado. CAPITULO II REPOSICION DE EXPEDIENTE SOLICITUD DE"
2,¿Cuál es el máximo de veces que un estudiante puede cambiar de carrera?,documento_fuente.pdf,40.0,False,4,reglamento_sistema_escalafon_personal_ues.pdf,Reglamento General del Sistema de Escalafón del Personal de la Universidad de El Salvador,13,13,61,690,689,0.6123016476631165,False,False,"a, debidamente comprobados y obtenidos en Instituciones Nacionales o Internacionales de reconocido prestigio, adicionales al grado académico mínimo exigido para el ingreso a la carrera del personal académico. Dependiendo de la naturaleza de los estudios acreditados, la ponderación en puntos será como sigue: 1) Doctorados con carácter de Post-Grado: 12 puntos 2) Maestría: 10 puntos 3) Cursos de 181-240 horas hasta un máximo de tres cursos: 2 puntos cada uno 4) Cursos de 141-180 horas hasta un máximo de tres cursos: 1.5 puntos cada uno 5) Cursos de 101-140 horas hasta un máximo de tres cursos: 1.0 punto cada uno 6) Cursos de 60-100 horas hasta un máximo de tres cursos: 0.5 puntos cada uno. El puntaje máximo obtenible en este aspecto en cada categoría se puede obtener mediante Maestría o Doct"
2,¿Cuál es el máximo de veces que un estudiante puede cambiar de carrera?,documento_fuente.pdf,40.0,False,5,reglamento_sistema_escalafon_personal_ues.pdf,Reglamento General del Sistema de Escalafón del Personal de la Universidad de El Salvador,11,11,48,677,676,0.6012685894966125,False,False,"romoción del personal académico de la misma Facultad o de la Universidad. Si no hubiere personal nombrado en la unidad que cumpliera con los requisitos que exige el cargo, éstas podrán optar según sus necesidades a nombrar personal interino, que durará en sus funciones durante un ciclo académico y proceder de inmediato a convocar a un concurso de oposición. Reingreso a la Carrera Académica Art. 33. - Todo académico que haya ejercido la docencia en la Universidad como mínimo 5 años consecutivos y hubiere terminado su relación laboral sin responsabilidad para el trabajador, podrá optar a reingresar al ejercicio docente en el caso que la Universidad requiera el recurso académico, sin someterse a concurso de oposición previo análisis y dictamen del Comité. Tendrá derecho a reingresar a la cate"
2,¿Cuál es el máximo de veces que un estudiante puede cambiar de carrera?,documento_fuente.pdf,40.0,False,6,reglamento_sistema_escalafon_personal_ues.pdf,Reglamento General del Sistema de Escalafón del Personal de la Universidad de El Salvador,4,4,18,647,646,0.5998985171318054,False,False,"o automático, exención de pago de cuotas de matricula y escolaridad y demás cuotas académicas legalmente establecidas, en la carrera que elijan los hijos del Personal Académico y Administrativo no docente, que labora como mínimo desde medio tiempo, siempre que cumpla con los requisitos legales y reglamentarios establecidos. Este derecho se gozará a partir del momento en que inicie la relación laboral con la Universidad, y se mantendrá vigente, no obstante retiro voluntario del personal después de diez años de servicio; o en caso de jubilación o muerte, después de tres años de servicio; f) En caso de disolución de la relación laboral por jubilación, fallecimiento, supresión de plaza o terminación de contrato, renuncia voluntaria e invalidez permanente, el miembro del Personal Académico o Ad"
2,¿Cuál es el máximo de veces que un estudiante puede cambiar de carrera?,documento_fuente.pdf,40.0,False,7,documento_fuente.pdf,Reglamento de la Gestión Académico-Administrativa de la Universidad de El Salvador,45,45,155,155,154,0.5967041850090027,True,False,"rá suscribir y extender la constancia de egreso en un plazo de quince (15) días hábiles siguientes al cierre del ciclo académico, salvo casos especiales.*** DE LA CALIDAD DE EGRESADO. Artículo 184. La calidad de egresado tendrá una duración ordinaria de tres años académicos. La calidad de egresado se pierde por las siguientes causas: 1) Por la obtención del respectivo grado académico mediante la recepción del título correspondiente; y 2) Por caducar el plazo de tres años, sin que el egresado haya obtenido el grado académico que corresponda. Cuando el vencimiento de dicho plazo ocurra con posterioridad a la aprobación del trabajo de graduación y antes del acto de graduación que de conformidad al programa de la Universidad corresponda, la calidad de egresado se ampliará automáticamente por u"
2,¿Cuál es el máximo de veces que un estudiante puede cambiar de carrera?,documento_fuente.pdf,40.0,False,8,documento_fuente.pdf,Reglamento de la Gestión Académico-Administrativa de la Universidad de El Salvador,29,29,100,100,99,0.5913193225860596,True,False,"duración máxima de 6 semanas, el estudiante podrá inscribir y cursar una carga académica máxima de 6 unidades valorativas. Las Unidades de Aprendizaje a impartirse en el Ciclo extraordinario serán aquéllas que no requieran un período prolongado de actividad académica, las que deberán establecerse en el respectivo plan de estudios. Artículo 108. Para efecto de registro académico, las Unidades de Aprendizaje del Ciclo Extraordinario se planificarán y reportarán como Ciclo III. Artículo 109. El período para el inicio y finalización de las actividades académica administrativas en el Ciclo extraordinario, lo fijará el Consejo Superior Universitario a propuesta de la Junta Directiva. TITULO VII INSCRIPCIÓN, RETIRO Y EVALUACION DE UNIDADES DE APRENDIZAJE CAPITULO I PROCEDIMIENTO DE INSCRIPCION IN"
2,¿Cuál es el máximo de veces que un estudiante puede cambiar de carrera?,documento_fuente.pdf,40.0,False,9,reglamento_sistema_escalafon_personal_ues.pdf,Reglamento General del Sistema de Escalafón del Personal de la Universidad de El Salvador,7,8,35,664,663,0.5912634134292603,False,False,"l hasta

432 que cumpla seis meses; éste permiso diario podrá extenderse por períodos de tres meses hasta que el recién nacido cumpla un año, con la recomendación del respectivo pediatra; a solicitud de la trabajadora, el permiso podrá fraccionarse en dos períodos de treinta minutos. Tales permisos se considerarán como horas de trabajo y remuneradas como tales. CAPITULO III DE LA CARRERA DEL PERSONAL ACADÉMICO Sección Primera De la Administración de la Carrera del Personal Académico Comité de Administración Art. 17. - Para el correcto cumplimiento del Escalafón del personal Académico, se instituirá en cada Facultad, un Comité de Administración de la Carrera del Personal Académico, el cual se denominará “El Comité”. Estará integrado por seis miembros propietarios de los cuales tres represen"
2,¿Cuál es el máximo de veces que un estudiante puede cambiar de carrera?,documento_fuente.pdf,40.0,False,10,documento_fuente.pdf,Reglamento de la Gestión Académico-Administrativa de la Universidad de El Salvador,22,23,78,78,77,0.5882550477981567,True,False,"anciera al último ciclo que inscribió Unidades de Aprendizaje y en su defecto al último mes en que realizó gestión académico-administrativa. Los estudiantes que se activen, se incorporarán al último Plan de Estudios vigente en el Ciclo y año de su activación. Todo aquel estudiante inactivo por un período igual o mayor a cinco años deberá realizar trámite de revisión o asignación de cuota en la Unidad de Estudios Socioeconómicos. Definiciones Art. 79-A. Para efectos de la correcta aplicación del presente Reglamento, se entenderá por: Estudiante matriculado Es el estudiante que tiene matrícula vigente, conforme al artículo 40 de la Ley Orgánica, lo cual se comprobará con el recibo de pago de cuota de matrícula. Estudiante activo

23 Es el estudiante matriculado en el año académico correspond"
3,¿Cuál es la naturaleza jurídica de la Universidad de El Salvador?,ley_organica_ues.pdf,1.0,False,1,ley_organica_ues.pdf,Ley Orgánica de la Universidad de El Salvador,1,1,3,220,219,0.8255747556686401,True,False,"alidad jurídica y patrimonio propio; por lo que se hace necesario decretar una ley específica denominada Ley Orgánica de la Universidad de El Salvador, que será su estatuto normativo, conforme se establece en el referido artículo 61 de la Constitución; IV- Que siendo necesario fortalecer la autonomía de la Universidad de El Salvador, dotándola de los mecanismos democráticos imprescindibles y de los recursos potenciales suficientes, para el sostenimiento de su desarrollo institucional, académico y científico; con el objeto de lograr la excelencia académica, el progreso de la educación superior en todo el país y el acceso de personas de todos los estratos sociales a las posibilidades de formación profesional. DECRETA la siguiente: LEY ORGÁNICA DE LA UNIVERSIDAD DE EL SALVADOR CAPÍTULO I DISP"
3,¿Cuál es la naturaleza jurídica de la Universidad de El Salvador?,ley_organica_ues.pdf,1.0,False,2,reglamento_unidades_valorativas_cum_ues.pdf,Reglamento del Sistema de Unidades Valorativas y de Coeficiente de Unidades de Mérito de la Universidad de El Salvador,1,1,1,744,743,0.8050382137298584,False,False,"404 21. REGLAMENTO DEL SISTEMA DE UNIDADES VALORATIVAS Y DE COEFICIENTE DE UNIDADES DE MERITO EN LA UNIVERSIDAD DE EL SALVADOR. ACUERDO No. 45/2001-2003 (VI) LA ASAMBLEA GENERAL UNIVERSITARIA DE LA UNIVERSIDAD DE EL SALVADOR , CONSIDERANDO: II. Que el artículo 60 de la Ley de Educación Superior, establece que la Universidad de El Salvador se regirá por su Ley Orgánica y demás disposiciones internas, en todo lo que no contraríe dicha ley. III. Que la Ley de Educación Superior en sus artículos 5 y 6 establece como obligatorio los Sistemas de Unidades Valorativas y de Coeficiente de Unidades de Mérito, para cuantificar el esfuerzo realizado por el alumno durante el estudio de su carrera, siendo necesario emitir un reglamento de carácter general que regule la aplicación de dichos sistemas en l"
3,¿Cuál es la naturaleza jurídica de la Universidad de El Salvador?,ley_organica_ues.pdf,1.0,False,3,ley_organica_ues.pdf,Ley Orgánica de la Universidad de El Salvador,1,1,1,218,217,0.7981682419776917,True,False,"76 4. LEY ORGÁNICA DE LA UNIVERSIDAD DE EL SALVADOR LA ASAMBLEA LEGISLATIVA DE LA REPUBLICA DE EL SALVADOR, CONSIDERANDO: I.- Que conforme al artículo 61 de la Constitución de la República, la educación superior se regirá por una ley especial y que, la Universidad de El Salvador y las demás del Estado, gozarán de autonomía en los aspectos docente, administrativo y económico; deberán prestar un servicio social, respetando la libertad de cátedra, se regirán por estatutos enmarcados dentro de dicha ley, la cual sentará los principios generales para su organización y funcionamiento; se consignarán anualmente en el presupuesto del Estado las partidas destinadas al sostenimiento de las universidades estatales y las necesarias para asegurar y acrecentar su patrimonio; que estas instituciones esta"
3,¿Cuál es la naturaleza jurídica de la Universidad de El Salvador?,ley_organica_ues.pdf,1.0,False,4,documento_fuente.pdf,Reglamento de la Gestión Académico-Administrativa de la Universidad de El Salvador,10,10,34,34,33,0.7933806777000427,False,False,"n la Universidad de El Salvador, o en otros contextos académicos nacionales o internacionales; c) Ser de reconocida y probada honorabilidad; y d) No haber sido sancionado disciplinariamente en la Universidad de El Salvador o instancias judiciales externas a la Universidad, en los últimos cinco años, anteriores a su nombramiento. ATRIBUCIONES Y DEBERES DE LA ADMINISTRACIÓN ACADÉMICA DE FACULTAD. Artículo 29. Son atribuciones y deberes de la Administración Académica de Facultad, las siguientes: a) Responsable de la comunicación entre la Facultad y la Secretaria de Asuntos Académicos en lo concerniente a los aspectos académicos administrativos; b) Contribuir a desarrollar las políticas y lineamientos académicos administrativos; c) Planificar, programar y coordinar con las unidades correspondi"
3,¿Cuál es la naturaleza jurídica de la Universidad de El Salvador?,ley_organica_ues.pdf,1.0,False,5,reglamento_arancel_academico_ues.pdf,Reglamento General de Arancel Académico de la Universidad de El Salvador,1,1,1,314,313,0.7891298532485962,False,False,"1 REGLAMENTO GENERAL DE ARANCEL ACADEMICO DE LA UNIVERSIDAD DE EL SALVADOR ACUERDO Nº 39/2013-2015(XIII). LA ASAMBLEA GENERAL UNIVERSITARIA DE LA UNIVERSIDAD DE EL SALVADOR, CONSIDERANDO: I. Que de conformidad al Art. 63 lit. “c” de la Ley Orgánica de la Universidad de El Salvador, forman parte del patrimonio universitario los ingresos que se recauden por los derechos que señalan las leyes y los reglamentos; II. Que el artículo “c” del Art. 19 de la referida Ley Orgánica establece que es competencia de la Asamblea General Universitaria, aprobar los Reglamentos Generales necesarios para la buena marcha de la Institución, así como sus reformas. III. Que el artículo 10 de la Ley de Integración Monetaria, aprobada mediante Decreto Legislativo N 211 de fecha 30 de noviembre de 2000, establece q"
3,¿Cuál es la naturaleza jurídica de la Universidad de El Salvador?,ley_organica_ues.pdf,1.0,False,6,documento_fuente.pdf,Reglamento de la Gestión Académico-Administrativa de la Universidad de El Salvador,1,2,3,3,2,0.7833818197250366,False,False,"ento es normar y desarrollar las disposiciones generales sobre la gestión, organización, administración y funcionamiento académico de la Universidad de El Salvador, así como los procedimientos, medidas y resoluciones académicas y administrativas necesarias para la buena marcha de la misma, desde los procesos de ingreso hasta el otorgamiento de los grados académicos ofrecidos por la Universidad, en concordancia con la Constitución de la Republica de El Salvador, Ley de Educación Superior y su Reglamento, Ley Orgánica de la Universidad de El Salvador y su Reglamento General y demás normativas pertinentes.

2 ÁMBITO DE APLICACIÓN. Artículo 2. El presente Reglamento por su carácter general será de aplicación obligatoria en todas las unidades académicas de la Universidad de El Salvador, y no po"
3,¿Cuál es la naturaleza jurídica de la Universidad de El Salvador?,ley_organica_ues.pdf,1.0,False,7,documento_fuente.pdf,Reglamento de la Gestión Académico-Administrativa de la Universidad de El Salvador,8,9,29,29,28,0.7819028496742249,False,False,"te en la Universidad de El Salvador o instancias judiciales externas a la Universidad, en los últimos cinco años, anteriores a su nombramiento.

9 ATRIBUCIONES Y DEBERES DE LA UNIDAD DE INGRESO UNIVERSITARIO. Artículo 25. Son atribuciones y deberes de la Unidad de Ingreso Universitario, las siguientes: a) Coordinar con el Comité de Ingreso Universitario y la Administración Académica de cada Facultad, la planificación, organización y ejecución de las fases del proceso de ingreso de aspirantes a estudiar en la UES, de acuerdo a lo establecido en la Ley de Educación Superior, la Ley Orgánica de la Universidad de El Salvador, Reglamento General de la Ley Orgánica, este Reglamento y normativas aplicables; b) Revisar y actualizar anualmente el Catálogo Académico de la Universidad de El Salvador;"
3,¿Cuál es la naturaleza jurídica de la Universidad de El Salvador?,ley_organica_ues.pdf,1.0,False,8,reglamento_general_ley_organica_ues.pdf,Reglamento General de la Ley Orgánica de la Universidad de El Salvador,14,14,59,576,575,0.7816718220710754,False,False,"rado de la Universidad de El Salvador, organiza, orienta, impulsa y administra sus programas de estudios. Su objetivo es la formación de investigadores, docentes y profesionales de alto nivel académico. Todo lo referido al Sistema de Postgrado será regulado en su Reglamento Especial de organización y funcionamiento. En las Facultades se podrán crear las Unidades o Escuelas de Postgrado según corresponda. La Vicerrectoría Académica velará por la coordinación central del Sistema de Estudio de Postgrado, a nivel general de la Universidad. CAPITULO VI PROYECCION SOCIAL Y APOYO ACADEMICO Proyección Social Art. 58. - Para el cumplimiento de los fines de la Universidad y especialmente de lo establecido en los literales “b” y “d” del artículo 3 de la Ley Orgánica, se establece la Proyección Social"
3,¿Cuál es la naturaleza jurídica de la Universidad de El Salvador?,ley_organica_ues.pdf,1.0,False,9,documento_fuente.pdf,Reglamento de la Gestión Académico-Administrativa de la Universidad de El Salvador,60,60,211,211,210,0.7786957025527954,False,False,"l Salvador para que valore y dictamine si son suficientes para reconstruir el expediente. Una vez Fiscalía General de la Universidad de El Salvador emita dictamen favorable remitirá toda la documentación y dictamen a la Secretaria de Asuntos Académicos, quien los remitirá a la Rectoría de la Universidad de El Salvador para que ésta emita un acuerdo ordenando que con la documentación recopilada se tenga por repuesto el expediente a favor del solicitante y que lo habilitará para realizar cualquier trámite académico de graduado. En caso que Fiscalía General de la Universidad de El Salvador emitiere un dictamen desfavorable a la reconstrucción del expediente, establecerá recomendaciones para darle atención al graduado, por ser una destrucción o extravío imputable a la Universidad de El Salvado"
3,¿Cuál es la naturaleza jurídica de la Universidad de El Salvador?,ley_organica_ues.pdf,1.0,False,10,ley_organica_ues.pdf,Ley Orgánica de la Universidad de El Salvador,1,2,4,221,220,0.7760723233222961,True,True,"OSICIONES PRELIMINARES Objeto de la ley Art. 1. -La presente Ley tiene por objeto establecer los principios y fines generales en que se basará la organización y el funcionamiento de la Universidad de El Salvador. En la presente Ley, cualquier alusión a personas, su calidad, cargo o función, manifestada en género masculino, se entenderá expresada igualmente en género femenino. Naturaleza jurídica Art. 2. - La Universidad de El Salvador, que en el curso de esta Ley se denominará “la Universidad” o la “UES”, es una corporación de derecho público, creada para prestar servicios de educación superior, cuya existencia es reconocida por el artículo 61 de la Constitución de la República, con personalidad jurídica, patrimonio propio y con domicilio principal en la ciudad de San Salvador.

77 Fines A"
4,¿En qué ámbitos goza de autonomía la Universidad para cumplir sus fines?,ley_organica_ues.pdf,2.0,False,1,ley_organica_ues.pdf,Ley Orgánica de la Universidad de El Salvador,4,4,16,233,232,0.8453999161720276,True,False,"una de las Facultades gozará de autonomía administrativa y técnica; contará con un presupuesto para la consecución de sus fines y estará obligada a rendir cuentas de sus actividades a los organismos superiores. Calidad académica y científica Art. 11. - El Rector, el Vicerrector Académico, los Decanos y Vice-decanos y el Personal Docente de la Universidad, estarán especialmente obligados a velar por la constante superación, académica y científica, de la educación universitaria. Sección segunda Del gobierno de la universidad Órganos de gobierno Art. 12. - El gobierno de la Universidad, dentro de los límites de su respectiva competencia, será ejercido por la Asamblea General Universitaria, el Consejo Superior Universitario y el Rector. El gobierno de las Facultades será ejercido, dentro de lo"
4,¿En qué ámbitos goza de autonomía la Universidad para cumplir sus fines?,ley_organica_ues.pdf,2.0,False,2,ley_organica_ues.pdf,Ley Orgánica de la Universidad de El Salvador,2,2,6,223,222,0.7785631418228149,True,True,"omentar entre sus educandos el ideal de unidad de los pueblos centroamericanos. Para la mejor realización de sus fines, la Universidad podrá establecer relaciones culturales y de cooperación con otras universidades e instituciones, sean éstas públicas o privadas, nacionales o extranjeras, dentro del marco de la presente Ley y demás leyes de la República. Sin menoscabo de su autonomía, la Universidad prestará su colaboración al Estado en el estudio de los problemas nacionales. Autonomía Art. 4. - Para el cumplimiento de sus fines, la Universidad gozará de autonomía en lo docente, lo administrativo y lo económico. La autonomía universitaria consiste, fundamentalmente, en la facultad que tiene la Universidad para: a) Estructurar sus unidades académicas, determinar la forma de cumplir sus func"
4,¿En qué ámbitos goza de autonomía la Universidad para cumplir sus fines?,ley_organica_ues.pdf,2.0,False,3,documento_fuente.pdf,Reglamento de la Gestión Académico-Administrativa de la Universidad de El Salvador,7,7,23,23,22,0.7688663601875305,False,False,"ramación del Sistema Académico Administrativo de la Universidad; y k) Las demás atribuciones de índole académico administrativo que le asigne la Secretaria de Asuntos Académicos y la legislación universitaria. En ausencia del Secretario de Asuntos Académicos, asumirá dicho cargo el Vicerrector Académico. UNIDAD DE DESARROLLO CURRICULAR. De la Unidad de desarrollo Curricular. Artículo 20. La Unidad de desarrollo Curricular tendrá la responsabilidad de planificar, auditar, investigar, gestionar y asesorar técnica y pedagógicamente en la actualización del curriculum Universitaria y los procesos administrativos de los planes y programas de estudio. Sera dirigida por un coordinador nombrado por el Rector, de una terna propuesta por el Secretario de Asuntos Académicos. Dependerá jerárquicamente "
4,¿En qué ámbitos goza de autonomía la Universidad para cumplir sus fines?,ley_organica_ues.pdf,2.0,False,4,reglamento_general_ley_organica_ues.pdf,Reglamento General de la Ley Orgánica de la Universidad de El Salvador,3,3,9,526,525,0.7665386199951172,False,False,"da Del Consejo Superior Universitario Consejo Superior Universitario Art. 9. - El Consejo Superior Universitario es el órgano colegiado con jerarquía máxima en las funciones administrativas, financieras, docentes, técnicas y disciplinarias; y lo demás señalado en el artículo 20 de la ley Orgánica. Otras atribuciones y deberes del CSU Art. 10. - Además de las establecidas en la Ley Orgánica, son atribuciones y deberes del CSU las siguientes: a) Fijar a propuesta de las Facultades, los grados o títulos que deba otorgar la Universidad sin perjuicio de lo establecido en la Ley de Educación Superior; b) Establecer políticas para el desarrollo de actividades preuniversitarias de orientación vocacional; c) Velar porque los aspectos estratégicos del plan de desarrollo de la UES se lleven a cabo en"
4,¿En qué ámbitos goza de autonomía la Universidad para cumplir sus fines?,ley_organica_ues.pdf,2.0,False,5,ley_organica_ues.pdf,Ley Orgánica de la Universidad de El Salvador,13,13,61,278,277,0.7612238526344299,True,False,"iantes que se constituyan en la Universidad o en las Facultades, serán totalmente independientes de las autoridades de la Universidad y de las Facultades y se organizarán democráticamente en la forma que los mismos estudiantes determinen. Las asociaciones de estudiantes así constituidas, obtendrán la personería jurídica mediante acuerdo de la Asamblea General Universitaria que aprobará los Estatutos de la entidad; dicho acuerdo será publicado por una vez en el Diario Oficial, junto con los Estatutos de la Asociación debidamente aprobados. Igualmente, dichas asociaciones serán inscritas en el Registro que para tal efecto llevará la Asamblea General Universitaria. Dicho Registro estará a cargo del Secretario de la Junta Directiva de la Asamblea General Universitaria. Sección Segunda Del Pers"
4,¿En qué ámbitos goza de autonomía la Universidad para cumplir sus fines?,ley_organica_ues.pdf,2.0,False,6,ley_organica_ues.pdf,Ley Orgánica de la Universidad de El Salvador,5,6,25,242,241,0.7574176788330078,True,False,"al Universitaria tendrá las siguientes atribuciones y deberes:

81 a) Aprobar o reformar su reglamento interno; b) Acordar las propuestas de reforma a la presente Ley y solicitar la respectiva iniciativa de ley, a través de la Secretaría de Estado, en el Ramo de Educación; c) Aprobar el Reglamento General de esta Ley y los demás reglamentos generales y específicos de todas las Facultades y dependencias universitarias, así como sus reformas; d) Elegir al Rector y a los Vicerrectores, de entre las candidaturas que oportunamente deberán presentarle los sectores académico, profesional no docente y estudiantes a nivel general. Dichos sectores deberán elegir democráticamente un candidato para cada uno de estos cargos, conforme lo determine el Reglamento correspondiente; e) Elegir a los Decanos y"
4,¿En qué ámbitos goza de autonomía la Universidad para cumplir sus fines?,ley_organica_ues.pdf,2.0,False,7,ley_organica_ues.pdf,Ley Orgánica de la Universidad de El Salvador,11,12,54,271,270,0.7567288875579834,True,False,"tadas por los distintos órganos de la Universidad; d) Proponer a los órganos de la Universidad las medidas legales sobre administración y operatividad que considere apropiadas para el cumplimiento de sus competencias; e) Asesorar al Consejo Superior Universitario y al Rector en la formulación y revisión de los anteproyectos de ley, reglamentos y demás disposiciones que han de regir a la Universidad; f) Proporcionar asesoría a las dependencias de la Universidad en materia de análisis e interpretación de las leyes y los reglamentos universitarios y, en su caso, dictaminar acerca de su interpretación; g) Realizar estudios y análisis acerca de las leyes y reglamentos que competen a la Universidad, o afecten los derechos de la misma;

87 h) Asistir a las dependencias de la Universidad en materi"
4,¿En qué ámbitos goza de autonomía la Universidad para cumplir sus fines?,ley_organica_ues.pdf,2.0,False,8,ley_organica_ues.pdf,Ley Orgánica de la Universidad de El Salvador,19,19,87,304,303,0.7566307783126831,True,False,"izar los fines de la Universidad; f) La aprobación, revisión o modificación de carreras, planes y programas de estudio; g) El otorgamiento de grados honoríficos; h) La aprobación de los informes económico financieros de organismos y funcionarios de la Universidad que deban presentarlos; e i) Los demás que sean calificados de trascendentales por los reglamentos. Atribuciones electorales Art. 79. - Las atribuciones electorales de la Asamblea General Universitaria, del Consejo Superior Universitario y de las Juntas Directivas de Facultad, serán intrasmisibles e indeclinables para cada uno de sus miembros. Asistencia a sesiones Art. 80. - El Secretario General de la Universidad estará obligado a asistir a las sesiones de la Asamblea General Universitaria y del Consejo Superior Universitario, c"
4,¿En qué ámbitos goza de autonomía la Universidad para cumplir sus fines?,ley_organica_ues.pdf,2.0,False,9,reglamento_general_ley_organica_ues.pdf,Reglamento General de la Ley Orgánica de la Universidad de El Salvador,15,15,64,581,580,0.755299985408783,False,False,"démica de la Universidad velará por la aplicación de las disposiciones básicas sobre procedimientos, medidas y resoluciones académicas, contenidas en la Ley Orgánica, este Reglamento y demás reglamentos pertinentes, y estará integrada por la Administración Académica Central y las Administraciones Académicas de las Facultades. La Administración Académica Central de la Universidad, dependerá jerárquicamente de la Vicerrectoría Académica y de la Secretaría que se determine reglamentariamente. La Administración Académica de cada Facultad, dependerá jerárquicamente de sus autoridades y funcionalmente de la Administración Académica Central. Los Administradores Académicos conformarán una instancia de carácter consultivo denominada Consejo de Administradores Académicos, el cual será presidido por "
4,¿En qué ámbitos goza de autonomía la Universidad para cumplir sus fines?,ley_organica_ues.pdf,2.0,False,10,ley_organica_ues.pdf,Ley Orgánica de la Universidad de El Salvador,14,15,67,284,283,0.7546722888946533,True,False,"spondiente. La Universidad podrá otorgar equivalencias de estudio a los realizados en otras instituciones de educación superior, que formen parte del sistema educativo nacional y en instituciones extranjeras, de conformidad con lo establecido en las disposiciones legales y en los reglamentos internos de la misma. Para otorgarlas, será requisito indispensable que haya equivalencia con el sistema educativo nacional y con los estudios que ofrece la Universidad. Incorporaciones Art. 55. - Sin perjuicio de lo establecido en el artículo 17 de la Ley de Educación Superior, la Universidad en uso de su autonomía docente podrá acordar la incorporación académica de personas graduadas en universidades extranjeras, sin más requisitos que los establecidos en el reglamento correspondiente.

90 CAPITULO V"
5,¿Cuánto se paga en dólares por la reposición de un título académico?,reglamento_arancel_academico_ues.pdf,2.0,False,1,reglamento_sistema_escalafon_personal_ues.pdf,Reglamento General del Sistema de Escalafón del Personal de la Universidad de El Salvador,15,15,67,696,695,0.6419830918312073,False,False,"nes pertinentes, se iniciará la aplicación del escalafón con base en la siguiente Escala de Salarios: CLASE CATEGORIA SALARIO $ PROFESOR UNIVERSITARIO I 1,300.00 PROFESOR UNIVERSITARIO II 1,600.00 PROFESOR UNIVERSITARIO III 2,000.00 PROFESOR UNIVERSITARIO IV 2,400.00 Ajuste periódico Art. 48. - Los valores monetarios de la escala salarial a que se refiere el artículo anterior, deberán ser ajustados cada año tomando como parámetro el Índice de Precios al Consumidor, debiendo incorporarse los cambios resultantes de ese ajuste en el Anteproyecto de Presupuesto de la Universidad. Todo aumento de sueldos que de manera general se apruebe para todos los empleados públicos por decreto legislativo o ejecutivo, incrementará de manera automática los salarios aprobados para cada nivel escalafonario. S"
5,¿Cuánto se paga en dólares por la reposición de un título académico?,reglamento_arancel_academico_ues.pdf,2.0,False,2,reglamento_sistema_escalafon_personal_ues.pdf,Reglamento General del Sistema de Escalafón del Personal de la Universidad de El Salvador,13,13,61,690,689,0.6314530372619629,False,False,"a, debidamente comprobados y obtenidos en Instituciones Nacionales o Internacionales de reconocido prestigio, adicionales al grado académico mínimo exigido para el ingreso a la carrera del personal académico. Dependiendo de la naturaleza de los estudios acreditados, la ponderación en puntos será como sigue: 1) Doctorados con carácter de Post-Grado: 12 puntos 2) Maestría: 10 puntos 3) Cursos de 181-240 horas hasta un máximo de tres cursos: 2 puntos cada uno 4) Cursos de 141-180 horas hasta un máximo de tres cursos: 1.5 puntos cada uno 5) Cursos de 101-140 horas hasta un máximo de tres cursos: 1.0 punto cada uno 6) Cursos de 60-100 horas hasta un máximo de tres cursos: 0.5 puntos cada uno. El puntaje máximo obtenible en este aspecto en cada categoría se puede obtener mediante Maestría o Doct"
5,¿Cuánto se paga en dólares por la reposición de un título académico?,reglamento_arancel_academico_ues.pdf,2.0,False,3,reglamento_sistema_escalafon_personal_ues.pdf,Reglamento General del Sistema de Escalafón del Personal de la Universidad de El Salvador,13,13,59,688,687,0.6024089455604553,False,False,"uración tomando como base de medida la asignación de ½ punto por cada 20 horas adicionales. El académico que obtenga el título de Maestría o Diplomado en Docencia Universitaria tendrá derecho a 8 puntos. En las categorías de la clase Profesor Universitario, que de acuerdo al reglamento se permita el ingreso por concurso de oposición a personal no inscrito en el registro escalafonario, se admitirá llenar este requisito por medio de cursos de capacitación servidos por otras instituciones legalmente establecidas y de reconocido prestigio. Proyección Social Art. 41. - La Proyección Social se refiere a la participación del académico en actividades planificadas por la Universidad o cada Facultad con el propósito de poner a los miembros de la comunidad universitaria en contacto con la realidad pa"
5,¿Cuánto se paga en dólares por la reposición de un título académico?,reglamento_arancel_academico_ues.pdf,2.0,False,4,ley_organica_ues.pdf,Ley Orgánica de la Universidad de El Salvador,17,17,81,298,297,0.5978721380233765,False,False,"los ingresos que la Universidad obtenga en concepto de cuotas, derechos, honorarios y retribuciones, constituirán un fondo especial destinado, por lo menos en un setenta por ciento, al otorgamiento de becas para estudiantes de escasos recursos económicos de todo el país, programas de bienestar estudiantil, incluyendo recreaciones y deportes, adquisición de recursos de aprendizaje y estímulos a la excelencia académica. El resto se empleará en la forma que lo determine el Consejo Superior Universitario, de conformidad con los planes de desarrollo de la Universidad. Se exceptúan de dicho fondo, además de las asignaciones presupuestarias del Estado, las donaciones, herencias, legados, fideicomisos y subsidios a favor de la Universidad, que sólo podrán destinarse conforme a las disposiciones ex"
5,¿Cuánto se paga en dólares por la reposición de un título académico?,reglamento_arancel_academico_ues.pdf,2.0,False,5,ley_organica_ues.pdf,Ley Orgánica de la Universidad de El Salvador,3,3,10,227,226,0.5972415208816528,False,False,"vos organismos, de normas pedagógicas y disposiciones técnicas y administrativas encaminadas a la mejor prestación del servicio docente. Se reconoce la docencia libre como un medio de enriquecer el proceso de enseñanza aprendizaje. Matrícula y escolaridad Art. 7. - Cada estudiante de la Universidad pagará anualmente, en concepto de matrícula, una cuota general y uniforme para las distintas unidades académicas que fijará el Consejo Superior Universitario, cuyo valor equivalente no podrá ser superior a dos días del salario mínimo urbano. Además, pagará mensualmente, en concepto de escolaridad, una cuota diferenciada que se le establecerá con base en los siguientes criterios: a) De lo que manifieste en una declaración jurada acerca de la situación socio-económica familiar o personal, que pres"
5,¿Cuánto se paga en dólares por la reposición de un título académico?,reglamento_arancel_academico_ues.pdf,2.0,False,6,reglamento_becas_ues.pdf,Reglamento de Becas de la Universidad de El Salvador,9,10,39,361,360,0.5947449207305908,False,False,"judicadas a otros estudiantes que cumplan con los requisitos del presente Reglamento. Alcance y beneficio de la beca Art. 54. El beneficio de la beca aplicará únicamente para aquellos estudiantes que cursan por primera vez estudios universitarios en el nivel de pregrado. En el caso de los egresados o graduados de profesorado, el beneficio de la beca podrá ser extensivo si reingresan a estudiar una nueva carrera, previo estudio socioeconómico. (4)

419 Duración y Renovación de las Becas Art. 55. - El período efectivo del beneficio de la beca comprenderá los meses correspondientes a un Ciclo Académico y podrá ser renovada automáticamente por la UESE para el Ciclo siguiente, una vez conocido el rendimiento académico del estudiante en el Ciclo inmediato anterior y verificada la continuidad en "
5,¿Cuánto se paga en dólares por la reposición de un título académico?,reglamento_arancel_academico_ues.pdf,2.0,False,7,reglamento_becas_ues.pdf,Reglamento de Becas de la Universidad de El Salvador,10,10,43,365,364,0.5889879465103149,False,False," pago de las becas a los estudiantes beneficiarios se realizará por la Universidad en la última semana de cada mes que corresponda. La entidad responsable de realizar el pago de las mismas será la Tesorería de la Universidad, en el plazo antes mencionado. El estudiante becario contará con cinco días hábiles para firmar planilla, contados a partir del primer días señalado para realizar esta actividad según la programación que dará a conocer la Tesorería, vencido este plazo podrá ejercer el derecho a que se refiere el inciso siguiente. El estudiante que por causa debidamente justificada no hubiese firmado planilla de pago, deberá presentar dentro de los quince días calendario siguientes, solicitud ante el CBE para que se tramite el pago correspondiente. Caso contrario perderá el derecho al c"
5,¿Cuánto se paga en dólares por la reposición de un título académico?,reglamento_arancel_academico_ues.pdf,2.0,False,8,reglamento_becas_ues.pdf,Reglamento de Becas de la Universidad de El Salvador,5,5,20,342,341,0.5829078555107117,False,False," donde realizará sus estudios, esta asignación mensual podrá ejecutarse, incluso dentro de un mismo país, conforme a la realidad de los costos de la localidad. c) Pago de las cuotas de escolaridad, derechos de examen y otros similares, incluyendo gastos por elaboración de tesis y/o investigación y su respectiva publicación. d) Una suma anual para la compra de libros imprescindibles para su estudio que hará contra presentación de facturas pro forma. e) Pago del curso del idioma extranjero en que se seguirá sus estudios hasta un período de 6 meses, en el caso del literal g, del Art. 28. f) El pago de seguro contra accidentes y enfermedad, que será contratado en el país y entregado al becario antes de su viaje. g) Pago de los gastos por asistencia a Congresos, Seminarios y Eventos relacionado"
5,¿Cuánto se paga en dólares por la reposición de un título académico?,reglamento_arancel_academico_ues.pdf,2.0,False,9,reglamento_sistema_escalafon_personal_ues.pdf,Reglamento General del Sistema de Escalafón del Personal de la Universidad de El Salvador,7,7,31,660,659,0.5808321237564087,False,False,"ivo no docente, que su salario sea menor a cuatro salarios mínimos urbanos, recibirá la bonificación y aguinaldo por un monto equivalente a cuatro salarios mínimos urbanos. Dichas prestaciones en los montos mencionados, se harán efectivas de acuerdo a la asignación presupuestaria para las mismas; mientras esto no suceda, se seguirán aplicando en la forma prevista en el artículo 92 del Reglamento General de la Ley Orgánica. Día del Trabajador Universitario Art. 12. - La Universidad reconocerá suspensión de labores al Personal Académico y Administrativo no Docente el día veintiséis de junio “Día del Trabajador Universitario”, asimismo proveerá de recursos económicos a quienes considere conveniente para se promuevan actos socio culturales en conmemoración de dicha fecha. Inversión en salud Ar"
5,¿Cuánto se paga en dólares por la reposición de un título académico?,reglamento_arancel_academico_ues.pdf,2.0,False,10,reglamento_becas_ues.pdf,Reglamento de Becas de la Universidad de El Salvador,11,11,47,369,368,0.5640889406204224,False,False,"udiante si ya goza de los beneficios de uno de los tipos de becas mencionados en el artículo 49 de este Reglamento. Los requisitos que deben cumplir los estudiantes para ser candidatos a una beca a la excelencia, son los siguientes: a) Haber aprobado el cincuenta por ciento de su carrera como mínimo en la Facultad correspondiente; b) Obtener el máximo CUM de su Facultad en el año académico correspondiente; y c) Haber estudiando en la Universidad como estudiante regular, durante los dos años anteriores a la elección. De la distribución Art. 63. - La distribución de las Becas a la Excelencia se hará de la siguiente manera: a) Una beca por cada Facultad del Campus Universitario Central; y b) Tres becas para cada una de las Facultades Multidisciplinarias, las cuales serán repartidas por áreas "
6,¿Cuál es el cobro máximo en dólares por laboratorio cuando una materia se cursa en otra Facultad?,reglamento_arancel_academico_ues.pdf,3.0,False,1,reglamento_unidades_valorativas_cum_ues.pdf,Reglamento del Sistema de Unidades Valorativas y de Coeficiente de Unidades de Mérito de la Universidad de El Salvador,1,2,4,747,746,0.6161562204360962,False,False,"ras de clase, los laboratorios, las prácticas, discusiones y cualquier otra actividad académica establecida en el respectivo plan y programa de estudios.

405 Cada Unidad Valorativa equivaldrá como mínimo a veinte horas de trabajo del estudiante, atendidas por un profesor, en un ciclo de dieciséis semanas entendiéndose la hora académica de cincuenta minutos. b) UNIDAD DE MÉRITO (UM): La Unidad de Merito es la calificación final de cada asignatura, multiplicada por sus Unidades Valorativas. c) COEFICIENTE DE UNIDADES DE MERITO (CUM): Es el cociente resultante de dividir el total de unidades de mérito ganadas, entre el total de unidades valorativas de las asignaturas cursadas y aprobadas. d) ASIGNATURA: Para efectos de cálculo del CUM, el término asignatura será aplicable indistintamente par"
6,¿Cuál es el cobro máximo en dólares por laboratorio cuando una materia se cursa en otra Facultad?,reglamento_arancel_academico_ues.pdf,3.0,False,2,reglamento_becas_ues.pdf,Reglamento de Becas de la Universidad de El Salvador,10,10,41,363,362,0.6133328676223755,False,False," por el uso de los laboratorios de índole científico-técnico en su Facultad; y f) El subsidio de libros, de conformidad al artículo 59 de este Reglamento. “El beneficio se limitará a exoneración del pago de las cuotas de matrícula y escolaridad, cuando su promedio global de notas no alcance el mínimo requerido para el goce de la beca y siempre que la situación socioeconómica del grupo familiar del estudiante no hubiere mejorado sustancialmente, según el informe de la UESE” (3) Deberes de los Beneficiarios. Art. 57. - Son deberes de los becarios mientras dure la vigencia de la beca, los siguientes: a) Cumplir con la carga académica del Plan de Estudios en la carrera que cursa y obtener la nota promedio global requerida para cada Ciclo lectivo, así como no reprobar asignaturas; b) Cumplir co"
6,¿Cuál es el cobro máximo en dólares por laboratorio cuando una materia se cursa en otra Facultad?,reglamento_arancel_academico_ues.pdf,3.0,False,3,reglamento_sistema_escalafon_personal_ues.pdf,Reglamento General del Sistema de Escalafón del Personal de la Universidad de El Salvador,13,13,61,690,689,0.6098145842552185,False,False,"a, debidamente comprobados y obtenidos en Instituciones Nacionales o Internacionales de reconocido prestigio, adicionales al grado académico mínimo exigido para el ingreso a la carrera del personal académico. Dependiendo de la naturaleza de los estudios acreditados, la ponderación en puntos será como sigue: 1) Doctorados con carácter de Post-Grado: 12 puntos 2) Maestría: 10 puntos 3) Cursos de 181-240 horas hasta un máximo de tres cursos: 2 puntos cada uno 4) Cursos de 141-180 horas hasta un máximo de tres cursos: 1.5 puntos cada uno 5) Cursos de 101-140 horas hasta un máximo de tres cursos: 1.0 punto cada uno 6) Cursos de 60-100 horas hasta un máximo de tres cursos: 0.5 puntos cada uno. El puntaje máximo obtenible en este aspecto en cada categoría se puede obtener mediante Maestría o Doct"
6,¿Cuál es el cobro máximo en dólares por laboratorio cuando una materia se cursa en otra Facultad?,reglamento_arancel_academico_ues.pdf,3.0,False,4,reglamento_becas_ues.pdf,Reglamento de Becas de la Universidad de El Salvador,5,5,20,342,341,0.5988326668739319,False,False," donde realizará sus estudios, esta asignación mensual podrá ejecutarse, incluso dentro de un mismo país, conforme a la realidad de los costos de la localidad. c) Pago de las cuotas de escolaridad, derechos de examen y otros similares, incluyendo gastos por elaboración de tesis y/o investigación y su respectiva publicación. d) Una suma anual para la compra de libros imprescindibles para su estudio que hará contra presentación de facturas pro forma. e) Pago del curso del idioma extranjero en que se seguirá sus estudios hasta un período de 6 meses, en el caso del literal g, del Art. 28. f) El pago de seguro contra accidentes y enfermedad, que será contratado en el país y entregado al becario antes de su viaje. g) Pago de los gastos por asistencia a Congresos, Seminarios y Eventos relacionado"
6,¿Cuál es el cobro máximo en dólares por laboratorio cuando una materia se cursa en otra Facultad?,reglamento_arancel_academico_ues.pdf,3.0,False,5,reglamento_arancel_academico_ues.pdf,Reglamento General de Arancel Académico de la Universidad de El Salvador,2,3,6,319,318,0.5968760251998901,True,True,"OGADO - - 22. Certificación de programas (por asignatura), para uso externo 10.00 1.14

3 CAPITULO III DISPOSICIONES GENERALES Otros Aranceles: Art. 4.- Los pagos por concepto de laboratorios, uso de equipo y locales, serán asignados por la Junta Directiva de cada Facultad y presentados a la Asamblea General Universitaria para su debida aprobación con todas las justificaciones necesarias. Cobro por laboratorios Art. 5.- Los cobros por el uso de laboratorio no podrán exceder por estudiante: COLONES DOLARES 75.00 8.57 Si un estudiante cursara una materia en otra Facultad y en ésta lleva laboratorio, la Facultad que imparte la materia le cobrará por el uso de éste, un máximo de: COLONES DOLARES 25.00 2.86 Exoneración. Art. 6.- Únicamente los aranceles a que se refieren los artículos 4 y 5 pod"
6,¿Cuál es el cobro máximo en dólares por laboratorio cuando una materia se cursa en otra Facultad?,reglamento_arancel_academico_ues.pdf,3.0,False,6,reglamento_sistema_escalafon_personal_ues.pdf,Reglamento General del Sistema de Escalafón del Personal de la Universidad de El Salvador,15,15,67,696,695,0.5881602764129639,False,False,"nes pertinentes, se iniciará la aplicación del escalafón con base en la siguiente Escala de Salarios: CLASE CATEGORIA SALARIO $ PROFESOR UNIVERSITARIO I 1,300.00 PROFESOR UNIVERSITARIO II 1,600.00 PROFESOR UNIVERSITARIO III 2,000.00 PROFESOR UNIVERSITARIO IV 2,400.00 Ajuste periódico Art. 48. - Los valores monetarios de la escala salarial a que se refiere el artículo anterior, deberán ser ajustados cada año tomando como parámetro el Índice de Precios al Consumidor, debiendo incorporarse los cambios resultantes de ese ajuste en el Anteproyecto de Presupuesto de la Universidad. Todo aumento de sueldos que de manera general se apruebe para todos los empleados públicos por decreto legislativo o ejecutivo, incrementará de manera automática los salarios aprobados para cada nivel escalafonario. S"
6,¿Cuál es el cobro máximo en dólares por laboratorio cuando una materia se cursa en otra Facultad?,reglamento_arancel_academico_ues.pdf,3.0,False,7,reglamento_sistema_escalafon_personal_ues.pdf,Reglamento General del Sistema de Escalafón del Personal de la Universidad de El Salvador,13,13,59,688,687,0.5777767896652222,False,False,"uración tomando como base de medida la asignación de ½ punto por cada 20 horas adicionales. El académico que obtenga el título de Maestría o Diplomado en Docencia Universitaria tendrá derecho a 8 puntos. En las categorías de la clase Profesor Universitario, que de acuerdo al reglamento se permita el ingreso por concurso de oposición a personal no inscrito en el registro escalafonario, se admitirá llenar este requisito por medio de cursos de capacitación servidos por otras instituciones legalmente establecidas y de reconocido prestigio. Proyección Social Art. 41. - La Proyección Social se refiere a la participación del académico en actividades planificadas por la Universidad o cada Facultad con el propósito de poner a los miembros de la comunidad universitaria en contacto con la realidad pa"
6,¿Cuál es el cobro máximo en dólares por laboratorio cuando una materia se cursa en otra Facultad?,reglamento_arancel_academico_ues.pdf,3.0,False,8,ley_organica_ues.pdf,Ley Orgánica de la Universidad de El Salvador,17,17,81,298,297,0.5585012435913086,False,False,"los ingresos que la Universidad obtenga en concepto de cuotas, derechos, honorarios y retribuciones, constituirán un fondo especial destinado, por lo menos en un setenta por ciento, al otorgamiento de becas para estudiantes de escasos recursos económicos de todo el país, programas de bienestar estudiantil, incluyendo recreaciones y deportes, adquisición de recursos de aprendizaje y estímulos a la excelencia académica. El resto se empleará en la forma que lo determine el Consejo Superior Universitario, de conformidad con los planes de desarrollo de la Universidad. Se exceptúan de dicho fondo, además de las asignaciones presupuestarias del Estado, las donaciones, herencias, legados, fideicomisos y subsidios a favor de la Universidad, que sólo podrán destinarse conforme a las disposiciones ex"
6,¿Cuál es el cobro máximo en dólares por laboratorio cuando una materia se cursa en otra Facultad?,reglamento_arancel_academico_ues.pdf,3.0,False,9,documento_fuente.pdf,Reglamento de la Gestión Académico-Administrativa de la Universidad de El Salvador,47,47,162,162,161,0.5542859435081482,False,False,"llar su trabajo de graduación en la Administración Académica de cada Facultad, mediante el sistema académico que la Junta Directiva establezca previamente. PARTICIPACIÓN INDIVIDUAL O COLECTIVA. Artículo 193. Los estudiantes inscritos, podrán participar en el Trabajo de Grado y desarrollar su investigación en forma individual o colectiva, en este último caso, el número será de un máximo de tres participantes y podrá ser ampliado de acuerdo a la magnitud de la investigación como máximo cinco participantes conforme a circunstancias especiales calificadas por la Junta Directiva de la Facultad. La investigación individual o colectiva estará determinada por la naturaleza y complejidad del objeto de la misma, a juicio de la coordinación del proceso de graduación.*** APROBACION DEL TEMA DE INVESTI"
6,¿Cuál es el cobro máximo en dólares por laboratorio cuando una materia se cursa en otra Facultad?,reglamento_arancel_academico_ues.pdf,3.0,False,10,reglamento_sistema_escalafon_personal_ues.pdf,Reglamento General del Sistema de Escalafón del Personal de la Universidad de El Salvador,12,12,56,685,684,0.551491379737854,False,False,"obtenga el puntaje mínimo de cada aspecto a calificar y el puntaje total correspondiente a una categoría superior, será escalafonado en esta última sin tomar en cuenta el tiempo de servicio. Si un académico no obtuviere el promedio exigido de sus notas de evaluación para pasar a una categoría superior, después de 3 años de servicio en una categoría determinada, deberá hacer un año más sobre dichos tres años por cada ½ punto de promedio no alcanzado y se promoverá toda vez que obtenga un promedio general de sus notas en esa categoría igual o mayor a 7.00. El académico que ingrese a la carrera docente mediante concurso de oposición puede ser promovido a una categoría superior, aunque no cumpla con el tiempo de servicio necesario establecido en la Escala de Calificación Escalafonaria, toda ve"
7,¿Qué tipos de beca puede solicitar la población estudiantil activa?,reglamento_becas_ues.pdf,9.0,False,1,reglamento_becas_ues.pdf,Reglamento de Becas de la Universidad de El Salvador,9,9,36,358,357,0.8085662126541138,True,True,"erdo a la disponibilidad financiera de la UES, la población estudiantil activa que reúna los requisitos establecidos en el presente reglamento podrá optar a los siguientes tipos de becas: 1) Beca remunerada diferenciada; 2) Beca a la excelencia; 3) Beca de estímulo; y 4) Beca de intercambio académico. Derechos y Restricciones del Egresado Art. 50. - Los estudiantes becarios que adquieran la calidad de egresados continuarán gozando de la beca en los meses en que se encuentren inscritos y desarrollen efectivamente su proceso de graduación en período ordinario según lo establecido en el Reglamento General de Procesos de Graduación. Se podrá gozar de este derecho por una sola vez, no siendo aplicable a las prórrogas obtenidas en el desarrollo de dicho proceso de graduación. La UESE establecerá"
7,¿Qué tipos de beca puede solicitar la población estudiantil activa?,reglamento_becas_ues.pdf,9.0,False,2,ley_organica_ues.pdf,Ley Orgánica de la Universidad de El Salvador,17,17,81,298,297,0.7369003891944885,False,False,"los ingresos que la Universidad obtenga en concepto de cuotas, derechos, honorarios y retribuciones, constituirán un fondo especial destinado, por lo menos en un setenta por ciento, al otorgamiento de becas para estudiantes de escasos recursos económicos de todo el país, programas de bienestar estudiantil, incluyendo recreaciones y deportes, adquisición de recursos de aprendizaje y estímulos a la excelencia académica. El resto se empleará en la forma que lo determine el Consejo Superior Universitario, de conformidad con los planes de desarrollo de la Universidad. Se exceptúan de dicho fondo, además de las asignaciones presupuestarias del Estado, las donaciones, herencias, legados, fideicomisos y subsidios a favor de la Universidad, que sólo podrán destinarse conforme a las disposiciones ex"
7,¿Qué tipos de beca puede solicitar la población estudiantil activa?,reglamento_becas_ues.pdf,9.0,False,3,reglamento_becas_ues.pdf,Reglamento de Becas de la Universidad de El Salvador,9,10,39,361,360,0.7161662578582764,True,False,"judicadas a otros estudiantes que cumplan con los requisitos del presente Reglamento. Alcance y beneficio de la beca Art. 54. El beneficio de la beca aplicará únicamente para aquellos estudiantes que cursan por primera vez estudios universitarios en el nivel de pregrado. En el caso de los egresados o graduados de profesorado, el beneficio de la beca podrá ser extensivo si reingresan a estudiar una nueva carrera, previo estudio socioeconómico. (4)

419 Duración y Renovación de las Becas Art. 55. - El período efectivo del beneficio de la beca comprenderá los meses correspondientes a un Ciclo Académico y podrá ser renovada automáticamente por la UESE para el Ciclo siguiente, una vez conocido el rendimiento académico del estudiante en el Ciclo inmediato anterior y verificada la continuidad en "
7,¿Qué tipos de beca puede solicitar la población estudiantil activa?,reglamento_becas_ues.pdf,9.0,False,4,ley_organica_ues.pdf,Ley Orgánica de la Universidad de El Salvador,3,4,14,231,230,0.6910310387611389,False,False,"n y conservación de las mismas, determinado en un reglamento especial. En dicho reglamento se establecerán las distintas clases de becas, así como los requisitos que deben llenar los educandos para hacerse acreedores a ellas; y se fijarán, además, las condiciones en que los miembros del personal académico podrán gozarías. Las becas para estudiar en el extranjero, sólo serán concedidas a salvadoreños. Los becarios tendrán la obligación, una vez terminados sus estudios, de prestar servicios preferentemente a la Universidad. El reglamento a que se refiere el inciso anterior determinará la forma de hacer efectiva esta obligación y las sanciones en caso de incumplimiento. CAPÍTULO III DE LA INTEGRACIÓN, ESTRUCTURA ORGÁNICA Y GOBIERNO DE LA UNIVERSIDAD Sección Primera Estructura orgánica

79 Int"
7,¿Qué tipos de beca puede solicitar la población estudiantil activa?,reglamento_becas_ues.pdf,9.0,False,5,reglamento_becas_ues.pdf,Reglamento de Becas de la Universidad de El Salvador,11,11,47,369,368,0.6866950392723083,True,False,"udiante si ya goza de los beneficios de uno de los tipos de becas mencionados en el artículo 49 de este Reglamento. Los requisitos que deben cumplir los estudiantes para ser candidatos a una beca a la excelencia, son los siguientes: a) Haber aprobado el cincuenta por ciento de su carrera como mínimo en la Facultad correspondiente; b) Obtener el máximo CUM de su Facultad en el año académico correspondiente; y c) Haber estudiando en la Universidad como estudiante regular, durante los dos años anteriores a la elección. De la distribución Art. 63. - La distribución de las Becas a la Excelencia se hará de la siguiente manera: a) Una beca por cada Facultad del Campus Universitario Central; y b) Tres becas para cada una de las Facultades Multidisciplinarias, las cuales serán repartidas por áreas "
7,¿Qué tipos de beca puede solicitar la población estudiantil activa?,reglamento_becas_ues.pdf,9.0,False,6,reglamento_sistema_escalafon_personal_ues.pdf,Reglamento General del Sistema de Escalafón del Personal de la Universidad de El Salvador,5,5,24,653,652,0.6704246997833252,False,False,"nía con las necesidades de la Institución; j) Un año sabático cuando se trate de personal académico; y k) Uso de los centros de recreación que deberá crear la Universidad a través del Consejo Superior Universitario; t) Recibir información oportuna respecto a becas, premios y distinciones honoríficas, nacionales o internacionales y demás estímulos a que se hagan acreedores, así como de recibir el apoyo correspondiente para desarrollar proyectos culturales, académicos, científicos y sindicales en forma individual o colectiva; u) Accesar a los servicios que presten los centros de desarrollo infantil que deberá crear la Universidad a través del Consejo Superior Universitario, para la atención de los hijos e hijas de los trabajadores; y v) Los demás derechos que establezcan las leyes y los regl"
7,¿Qué tipos de beca puede solicitar la población estudiantil activa?,reglamento_becas_ues.pdf,9.0,False,7,reglamento_becas_ues.pdf,Reglamento de Becas de la Universidad de El Salvador,1,1,3,325,324,0.6679655313491821,True,False,"ará oportunidad al personal pero cuando se comprobaré que existe conveniencia institucional podrán optar personas de nacionalidad extranjera, siempre que se trate de becas para estudios internos. CAPITULO II CONCEPTOS Y OBJETIVOS Art. 2. - Para los efectos de este Reglamento se entiende por Beca la dotación económica, destinada a cubrir total o parcialmente la satisfacción de los gastos necesarios para la realización de estudios de nivel superior, orientados a la obtención de un Título, para realizar investigación científica, tecnológica de carácter académico o administrativo, que esté considerada en los programas Estratégicos de desarrollo institucional. También se entenderá por Beca la extensión total o parcial de responsabilidad académica o administrativa, con el fin de utilizar el tiem"
7,¿Qué tipos de beca puede solicitar la población estudiantil activa?,reglamento_becas_ues.pdf,9.0,False,8,reglamento_becas_ues.pdf,Reglamento de Becas de la Universidad de El Salvador,10,10,43,365,364,0.666190505027771,True,False," pago de las becas a los estudiantes beneficiarios se realizará por la Universidad en la última semana de cada mes que corresponda. La entidad responsable de realizar el pago de las mismas será la Tesorería de la Universidad, en el plazo antes mencionado. El estudiante becario contará con cinco días hábiles para firmar planilla, contados a partir del primer días señalado para realizar esta actividad según la programación que dará a conocer la Tesorería, vencido este plazo podrá ejercer el derecho a que se refiere el inciso siguiente. El estudiante que por causa debidamente justificada no hubiese firmado planilla de pago, deberá presentar dentro de los quince días calendario siguientes, solicitud ante el CBE para que se tramite el pago correspondiente. Caso contrario perderá el derecho al c"
7,¿Qué tipos de beca puede solicitar la población estudiantil activa?,reglamento_becas_ues.pdf,9.0,False,9,reglamento_becas_ues.pdf,Reglamento de Becas de la Universidad de El Salvador,12,12,49,371,370,0.6614229679107666,True,False,"s que cumplan cualquiera de las condiciones siguientes: a) Participación distinguida en actividades culturales y/o académicas en forma activa y permanente, individualmente y por grupos que representen a la Universidad en actividades como Teatro, Ballet, Poesía, Pintura, Danza, Literatura y otros; y b) Participación distinguida en actividades deportivas, en forma activa y permanente, individualmente o por grupos que representen a la Universidad en torneos nacionales e internacionales. La Beca de Estímulo será asignada al inicio del primer ciclo de cada Año Académico, independientemente de la condición económica del estudiante. La naturaleza de los beneficios de ésta y la respectiva fuente de financiamiento será acordada por el CSU. Tramitación Art. 66. - Las Becas a la Excelencia y las de E"
7,¿Qué tipos de beca puede solicitar la población estudiantil activa?,reglamento_becas_ues.pdf,9.0,False,10,documento_fuente.pdf,Reglamento de la Gestión Académico-Administrativa de la Universidad de El Salvador,22,23,78,78,77,0.6599085330963135,False,False,"anciera al último ciclo que inscribió Unidades de Aprendizaje y en su defecto al último mes en que realizó gestión académico-administrativa. Los estudiantes que se activen, se incorporarán al último Plan de Estudios vigente en el Ciclo y año de su activación. Todo aquel estudiante inactivo por un período igual o mayor a cinco años deberá realizar trámite de revisión o asignación de cuota en la Unidad de Estudios Socioeconómicos. Definiciones Art. 79-A. Para efectos de la correcta aplicación del presente Reglamento, se entenderá por: Estudiante matriculado Es el estudiante que tiene matrícula vigente, conforme al artículo 40 de la Ley Orgánica, lo cual se comprobará con el recibo de pago de cuota de matrícula. Estudiante activo

23 Es el estudiante matriculado en el año académico correspond"
8,¿De qué pagos queda exonerado quien recibe una Beca Remunerada Diferenciada?,reglamento_becas_ues.pdf,10.0,False,1,reglamento_becas_ues.pdf,Reglamento de Becas de la Universidad de El Salvador,9,9,37,359,358,0.6721833944320679,True,False," los mecanismos para verificar si el egresado se encuentra desarrollando alguna actividad laboral remunerada o si goza de remuneración en el desarrollo de su servicio social, casos en los que se cancelará la beca concedida. Sección Segunda Beca Remunerada Diferenciada Beneficiarios y Monto Art. 51. - La Beca Remunerada Diferenciada podrá ser otorgada a estudiantes de la Universidad que califiquen de acuerdo a las disposiciones del presente Reglamento. El monto de la Beca que se asigne de manera específica a cada Becario será determinado con base en el respectivo estudio socioeconómico que realizará la UESE y estará comprendido entre QUINCE (15) y TREINTA (30) días de salario mínimo urbano. Criterios de Selección. Art. 52. -La adjudicación así como la prórroga de las becas, se hará con base"
8,¿De qué pagos queda exonerado quien recibe una Beca Remunerada Diferenciada?,reglamento_becas_ues.pdf,10.0,False,2,reglamento_general_ley_organica_ues.pdf,Reglamento General de la Ley Orgánica de la Universidad de El Salvador,22,22,96,613,612,0.614668607711792,False,False,"ectivo; c) Aguinaldo; d) Prestación económica por enfermedad grave; y e) Prestación económica por renuncia, supresión de plaza, terminación del contrato, defunción o despido sin causa justificada. Bonificación y Aguinaldo Art.92. - Los trabajadores de la UES, recibirán una bonificación anual que se pagará en el mes de Junio, de acuerdo a la disponibilidad presupuestaria para la misma. El CSU queda facultado para aprobar las tablas de aguinaldos para los funcionarios, docentes, empleados y trabajadores de la Universidad. Las compensaciones que se fijen en concepto de aguinaldo serán inembargables. Las demás prestaciones a que tendrán derecho los trabajadores de la UES se regularán en los demás reglamentos, o por acuerdo del CSU. Fondo Universitario de Protección Art. 93. - Se ratifica la ex"
8,¿De qué pagos queda exonerado quien recibe una Beca Remunerada Diferenciada?,reglamento_becas_ues.pdf,10.0,False,3,reglamento_sistema_escalafon_personal_ues.pdf,Reglamento General del Sistema de Escalafón del Personal de la Universidad de El Salvador,5,5,20,649,648,0.6143210530281067,False,False,"s extraordinariamente, o a la remuneración adicional a que se refiere el artículo 94 del Reglamento General de la Ley Orgánica; i) Recibir el pago de los viáticos derivados del desempeño de su cargo, para realizar las labores encomendadas fuera de la sede en la que esté destacado; j) A permiso con goce de sueldo por dos horas diarias dentro de la jornada laboral para realizar cualquier nivel de estudios dentro o fuera de la Universidad, cuando no hubiere interferencias entre ambas actividades y siempre que estuviere nombrado o contratado a tiempo integral o tiempo completo; k) Que se le proporcione por parte de la institución los recursos necesarios para el buen desempeño de su labor; l) Asociarse libremente en las organizaciones sindicales o profesionales legalmente constituidas, para su "
8,¿De qué pagos queda exonerado quien recibe una Beca Remunerada Diferenciada?,reglamento_becas_ues.pdf,10.0,False,4,reglamento_sistema_escalafon_personal_ues.pdf,Reglamento General del Sistema de Escalafón del Personal de la Universidad de El Salvador,3,3,11,640,639,0.6014913320541382,False,False,"calafón académico o administrativo que acepte un cargo de los excluidos en el Sistema de Escalafón tendrá derecho a gozar de licencia sin goce de sueldo en el cargo anterior y a regresar al mismo o a otro de igual o mayor categoría dentro de su clasificación escalafonaria al terminar sus funciones; el tiempo de servicio en esos cargos se computará como tiempo de servicio dentro del propio nivel escalafonario al cual pertenece el trabajador. El presente régimen especial, no afecta el goce de los demás derechos regulados por este Reglamento. Definiciones Generales Art. 6. - Para efectos de la correcta aplicación del presente Reglamento, se entenderá por: 1) Carrera del Personal Académico y Administrativo no docente: Es el proceso, mediante el cual los sujetos del presente sistema de escalafó"
8,¿De qué pagos queda exonerado quien recibe una Beca Remunerada Diferenciada?,reglamento_becas_ues.pdf,10.0,False,5,reglamento_becas_ues.pdf,Reglamento de Becas de la Universidad de El Salvador,11,11,45,367,366,0.6000356674194336,True,False,"ización del segundo ciclo del Año Académico. De la pérdida de la Beca Remunerada Diferenciada Art. 60. - La Beca Remunerada Diferenciada se pierde en los siguientes casos: a) No haber alcanzado el promedio mínimo requerido o reprobar una o más asignaturas; b) Por sanción por infracciones Disciplinarias; c) Por comprobarse falsedad en la información presentada, ocultamiento o tergiversación en su solicitud y/o en cualquiera otra información que el organismo competente requiera; d) Por suspensión o abandono de sus estudios universitarios; e) Por reserva de matrícula; f) Por no llevar la carga académica correspondiente según el plan de estudios de su carrera; y g) Por mejoras económicas de su grupo familiar debidamente comprobadas. Reconsideración Art. 61. - El estudiante becario continuará g"
8,¿De qué pagos queda exonerado quien recibe una Beca Remunerada Diferenciada?,reglamento_becas_ues.pdf,10.0,False,6,reglamento_unidades_valorativas_cum_ues.pdf,Reglamento del Sistema de Unidades Valorativas y de Coeficiente de Unidades de Mérito de la Universidad de El Salvador,3,3,10,753,752,0.5986737012863159,False,False,"rífico, serán exonerados del pago de los gastos institucionales de graduación, se les postulará a través de la Rectoría, ante organismos nacionales e internacionales, para la obtención de becas de post grado o en la gestión de plazas de trabajo en Instituciones Estatales o empresas privadas, acordes a su rendimiento y su grado académico, de conformidad al artículo 72 literal c) del Reglamento de la Ley Orgánica de la UES. Se les garantizará el acceso en los programas de becas que se creen para cursar los post grados en la Universidad. También gozarán de prioridad en el concurso para ingresar al ejercicio de la docencia en la UES. La administración académica de cada Facultad será la responsable de verificar y elaborar la nómina de estudiantes que obtengan el CUM Honorífico por cada carrera,"
8,¿De qué pagos queda exonerado quien recibe una Beca Remunerada Diferenciada?,reglamento_becas_ues.pdf,10.0,False,7,reglamento_becas_ues.pdf,Reglamento de Becas de la Universidad de El Salvador,6,6,26,348,347,0.574509859085083,True,False," los siguientes motivos: a) Terminación del plazo por el que fue concedida, incluyendo la prórroga. b) Finalización de la actividad que la beca determina. c) Renuncia del beneficiario. d) Imposibilidad del beneficiario de continuar su actividad por motivos de salud, de familia o cualquier otro, a juicio del Consejo de Becas, ratificado por el Consejo Superior Universitario. e) Incumplimiento de parte del beneficiario de las obligaciones que la Beca impone. f) No estar justificada la continuación de la actividad del beneficiario, a juicio del Consejo de Becas, ratificado por el Consejo Superior Universitario. Art. 36. - La caducidad de la Beca en los Casos de las letras a,b,c del anterior artículo será automática. En los casos de los literales d, e y f, será necesario que el Consejo de Beca"
8,¿De qué pagos queda exonerado quien recibe una Beca Remunerada Diferenciada?,reglamento_becas_ues.pdf,10.0,False,8,reglamento_becas_ues.pdf,Reglamento de Becas de la Universidad de El Salvador,11,11,46,368,367,0.5673910975456238,True,False,"ozando del beneficio de la Beca Remunerada Diferenciada, únicamente por un ciclo más, si el promedio global alcanzado fuese menor que 7.00 e igual a 6.95. Si tal situación persiste, el estudiante podrá hacer uso del recurso de reconsideración sólo por una vez más. Cuando el estudiante hubiere perdido su beca, por causa justificada debidamente comprobada, podrá dentro de los quince días calendario subsiguientes al de la notificación respectiva, solicitar ante el CBE le sea reconsiderada la continuidad del beneficio de la beca que ha gozado. Sección Tercera De los otros Tipos de Becas Beca a la Excelencia. Art. 62. - La beca a la Excelencia, se otorgará al final de cada año académico al mejor estudiante de cada Facultad, seleccionado por acuerdo de Junta Directiva, sin detrimento para el est"
8,¿De qué pagos queda exonerado quien recibe una Beca Remunerada Diferenciada?,reglamento_becas_ues.pdf,10.0,False,9,reglamento_becas_ues.pdf,Reglamento de Becas de la Universidad de El Salvador,9,10,39,361,360,0.5628617405891418,True,False,"judicadas a otros estudiantes que cumplan con los requisitos del presente Reglamento. Alcance y beneficio de la beca Art. 54. El beneficio de la beca aplicará únicamente para aquellos estudiantes que cursan por primera vez estudios universitarios en el nivel de pregrado. En el caso de los egresados o graduados de profesorado, el beneficio de la beca podrá ser extensivo si reingresan a estudiar una nueva carrera, previo estudio socioeconómico. (4)

419 Duración y Renovación de las Becas Art. 55. - El período efectivo del beneficio de la beca comprenderá los meses correspondientes a un Ciclo Académico y podrá ser renovada automáticamente por la UESE para el Ciclo siguiente, una vez conocido el rendimiento académico del estudiante en el Ciclo inmediato anterior y verificada la continuidad en "
8,¿De qué pagos queda exonerado quien recibe una Beca Remunerada Diferenciada?,reglamento_becas_ues.pdf,10.0,False,10,reglamento_becas_ues.pdf,Reglamento de Becas de la Universidad de El Salvador,6,7,27,349,348,0.5565493106842041,True,False,"s declare expresamente la caducidad, con base en el examen de los documentos o pruebas de que disponga. Art. 37. - Si la beca caducaré por cualquiera de las causales c y e del Art. 35 o por incumplimiento del literal “h” del Art. 32, el ex beneciario tendrá la obligación de reintegrar a la Universidad los costos de la Beca, los cuales serán calculados por el Consejo de Becas y de Investigaciones Científicas, atendiendo el tiempo que

416 disfrute de la misma, los desembolsos caudalosa, los antecedentes del ex beneficiario y cuantas otras circunstancias considere pertinente. La suma a devolver deberá cubrir el costo e interés de los gastos totales que la Universidad de El Salvador ha erogado al becario, sumándose a ellos, los costos e intereses en que ha incurrido la o las instituciones cop"
9,¿En qué tres categorías se clasifican las infracciones disciplinarias?,reglamento_disciplinario_ues.pdf,2.0,False,1,ley_organica_ues.pdf,Ley Orgánica de la Universidad de El Salvador,15,15,68,285,284,0.7135487794876099,False,False,"III DEL RÉGIMEN DISCIPLINARIO, RESPONSABILIDAD DE LOS FUNCIONARIOS, RECURSOS Y DEFENSORÍA Régimen disciplinario Art. 56. - En los reglamentos se establecerá el régimen disciplinario de la Universidad, el cual deberá contener la tipificación y clasificación de las infracciones cometidas por las autoridades, los estudiantes, el personal académico y el personal administrativo no docente; las sanciones aplicables a cada caso y la autoridad encargada de imponerlas, así como el procedimiento necesario para aplicar dichas sanciones. Causas de destitución Art. 57. - Sin perjuicio de las responsabilidades legales a que hubiere lugar, se consideran causas graves, sancionadas con destitución, las siguientes: a) Disponer del patrimonio de la Universidad contraviniendo sus fines y objetivos; b) Ser con"
9,¿En qué tres categorías se clasifican las infracciones disciplinarias?,reglamento_disciplinario_ues.pdf,2.0,False,2,reglamento_disciplinario_ues.pdf,Reglamento Disciplinario de la Universidad de El Salvador,3,4,13,398,397,0.7086835503578186,True,False,"ncia de las infracciones menos graves. Infracciones Menos Graves Art. 12. - Se consideran infracciones menos graves, las siguientes: a) Desobedecer injustificadamente disposiciones emanadas de superiores jerárquicos en el desempeño de sus funciones, a excepción de los casos señalados en el literal “c” e “i” del artículo anterior, que constituyen infracciones graves; b) Trabajar a desgano en el cumplimiento de labores. Se entiende por trabajo a desgano, el trabajo realizado a ritmo lento para que el resultado de las labores que se desarrollan quede por debajo de lo que se obtiene

374 normalmente, como medida de presión concertada por un grupo de trabajadores administrativos o académicos para obtener, de parte de las autoridades universitarias, alguna prestación laboral o cualquier otro tip"
9,¿En qué tres categorías se clasifican las infracciones disciplinarias?,reglamento_disciplinario_ues.pdf,2.0,False,3,reglamento_disciplinario_ues.pdf,Reglamento Disciplinario de la Universidad de El Salvador,4,4,16,401,400,0.7063721418380737,True,False,"cio de la pureza de las mismas; m) Ocupar las instalaciones universitarias con fines lucrativos personales; y n) La reincidencia de las infracciones leves. Infracciones Leves Art. 13. - Se consideran infracciones leves, las siguientes: a) Incumplir la Jornada laboral en las horas correspondientes, sin permiso o causa justificada; entendiéndose por incumplimiento de la jornada laboral las llegadas tardías o retirarse del trabajo durante la jornada o antes de la finalización de la misma; b) La inasistencia a las labores correspondientes durante un día completo por parte del personal académico y administrativo, sin permiso o causa justificada; c) Interrumpir o interferir indebidamente en las actividades académicas, administrativas o culturales; d) Actuar con negligencia, descuido o sin tomar "
9,¿En qué tres categorías se clasifican las infracciones disciplinarias?,reglamento_disciplinario_ues.pdf,2.0,False,4,reglamento_disciplinario_ues.pdf,Reglamento Disciplinario de la Universidad de El Salvador,1,1,3,388,387,0.671804666519165,True,False,"o General de la Ley Orgánica, “Reglamento General”. Componentes del Régimen Disciplinario Art. 2. - El Régimen Disciplinario de la Universidad está constituido por el conjunto de normas que regulan, de conformidad con el artículo 56 de la Ley Orgánica, las infracciones en que los integrantes de la Comunidad Universitaria pueden incurrir, la clasificación de las mismas, las sanciones aplicables a cada caso, la competencia de los organismos y autoridades encargadas de su aplicación, el procedimiento a seguir y los recursos admisibles contra las resoluciones que se dicten. Este régimen se establece con el objeto de mantener el orden interno y garantizar un funcionamiento eficiente para la conservación de los fines de la Universidad. Integrantes de la Comunidad Universitaria Art. 3. - Para los"
9,¿En qué tres categorías se clasifican las infracciones disciplinarias?,reglamento_disciplinario_ues.pdf,2.0,False,5,reglamento_disciplinario_ues.pdf,Reglamento Disciplinario de la Universidad de El Salvador,8,8,38,423,422,0.6522802114486694,True,False,"n en el ejercicio de su función, observando el procedimiento establecido en sus correspondientes Reglamentos Internos; los cuales deberán determinar claramente las acciones u omisiones constitutivas de infracción y garantizar, en todo caso, el derecho de defensa del supuesto infractor. Ratificación de resolución o acuerdo Art. 33. - Las resoluciones o acuerdos que de conformidad a las disposiciones anteriores impusieren sanciones por infracciones graves, notificadas que fueren las partes y si ninguna de éstas apelare, previo a su cumplimiento deberán someterse dentro de tercero día de dicha notificación a la ratificación a que se refiere el inciso último del artículo 22 del presente Reglamento. Si se tratare de sanciones impuestas por los Decanos en casos de infracciones graves, además de "
9,¿En qué tres categorías se clasifican las infracciones disciplinarias?,reglamento_disciplinario_ues.pdf,2.0,False,6,reglamento_disciplinario_ues.pdf,Reglamento Disciplinario de la Universidad de El Salvador,8,8,36,421,420,0.6425297260284424,True,False,"adas conforme a las reglas de la sana crítica, el organismo o funcionario que estuviere conociendo deberá decidir si sanciona o absuelve al supuesto infractor. Si decidiere sancionarlo con amonestación verbal, la ejecutará en el acto; pero si la decisión fuere de amonestarlo por escrito, se procederá conforme al ordinal 4° del artículo 27 de este Reglamento. Casos de inasistencia o de incumplimiento de la jornada laboral Art. 30. - Cuando la falta que se investiga sea de inasistencia o de incumplimiento de la jornada laboral, el organismo o funcionario competente resolverá, aplicar el descuento del doble del tiempo faltado, después de haber constatado la falta en los registros que al efecto llevarán los respectivos jefes y siempre que, oída la defensa del supuesto infractor, éste no sepa j"
9,¿En qué tres categorías se clasifican las infracciones disciplinarias?,reglamento_disciplinario_ues.pdf,2.0,False,7,reglamento_disciplinario_ues.pdf,Reglamento Disciplinario de la Universidad de El Salvador,5,5,22,407,406,0.6344066858291626,True,False,"ratare del personal académico o administrativo; y b) Expulsión menor hasta de un ciclo, si se tratare de estudiantes. Definiciones de sanciones aplicables por infracciones menos graves Art. 18. - Para la correcta aplicación de las sanciones a que se refiere el artículo anterior, se establecen las definiciones siguientes: a) Suspensión: Se entenderá tal como ha sido definida en el literal “d” del artículo 16 del presente Reglamento. b) Inhabilitación: Se entiende como la prohibición ordenada legalmente para que un estudiante o un miembro del personal académico o administrativo de la Universidad pueda ejercer funciones en organismos colegiados o desempeñar cargos de autoridad en la misma durante un período determinado. c) Expulsión Menor: Es la decisión adoptada legalmente de suspender la re"
9,¿En qué tres categorías se clasifican las infracciones disciplinarias?,reglamento_disciplinario_ues.pdf,2.0,False,8,reglamento_general_ley_organica_ues.pdf,Reglamento General de la Ley Orgánica de la Universidad de El Salvador,16,16,70,587,586,0.6263769865036011,False,False,"efiere el artículo 41 literal “g” de la Ley Orgánica, deberán contener el señalamiento de los puntos específicos o conductas objetivas, en que fundamenta su denuncia. Para su conocimiento y resolución, seguirán en el orden las instancias siguientes: Coordinador de cátedra, Jefe de Departamento, Carrera o Sección, Director de Escuela y Junta Directiva de la Facultad. Si el hecho denunciado, no constituyere infracción de conformidad a la Ley Orgánica, el presente Reglamento o el Reglamento que regule el Régimen Disciplinario, el funcionario u organismo competente tomará las medidas administrativas del caso. Si por el contrario se tratare de una infracción, la autoridad competente de conformidad al Reglamento que regule el Régimen Disciplinario, instruirá el correspondiente informativo admini"
9,¿En qué tres categorías se clasifican las infracciones disciplinarias?,reglamento_disciplinario_ues.pdf,2.0,False,9,ley_organica_ues.pdf,Ley Orgánica de la Universidad de El Salvador,15,15,69,286,285,0.6256799697875977,False,False,"denado por delito doloso o intencional que amerite pena de prisión; c) No acatar las resoluciones de la Asamblea General Universitaria o del Consejo Superior Universitario, en su caso; d) Grave violación a la presente Ley, al reglamento general u otras disposiciones reglamentarias de la Universidad; y e) Las demás que se establezcan en el reglamento general. En los casos previstos en los literales a), c), d) y e) del presente artículo, se requiere el voto de las dos terceras partes de los miembros del organismo competente para acordar la destitución. Prohibición especial Art. 58. - Ninguna persona o grupo de personas podrá arrogarse facultades en nombre de la Universidad. Estas atribuciones corresponden de modo exclusivo a los funcionarios u órganos legalmente establecidos. Los pronunciami"
9,¿En qué tres categorías se clasifican las infracciones disciplinarias?,reglamento_disciplinario_ues.pdf,2.0,False,10,reglamento_disciplinario_ues.pdf,Reglamento Disciplinario de la Universidad de El Salvador,6,6,27,412,411,0.6240116357803345,True,False," de su nombramiento; e) Las Juntas Directivas de Facultad, cuando se trate de infracciones cometidas por los funcionarios o el personal de su nombramiento y por los estudiantes de su misma Facultad; y f) Los Decanos, cuando se trate de infracciones cometidas por el personal administrativo de su nombramiento. Las sanciones que se impusieren por infracciones graves, de las cuales no se apelare o se declarare inadmisible la apelación, deberán someterse a ratificación del Consejo Superior Universitario sin la cual no podrán ejecutarse, salvo las infracciones cuyo conocimiento corresponda a la Asamblea General Universitaria. Cuando un funcionario o miembro de los organismos de gobierno de la Universidad, tenga interés personal o directo en el asunto que según este artículo o el siguiente le cor"
10,¿Qué sanción corresponde a las infracciones leves?,reglamento_disciplinario_ues.pdf,5.0,False,1,reglamento_disciplinario_ues.pdf,Reglamento Disciplinario de la Universidad de El Salvador,3,4,13,398,397,0.7192222476005554,True,False,"ncia de las infracciones menos graves. Infracciones Menos Graves Art. 12. - Se consideran infracciones menos graves, las siguientes: a) Desobedecer injustificadamente disposiciones emanadas de superiores jerárquicos en el desempeño de sus funciones, a excepción de los casos señalados en el literal “c” e “i” del artículo anterior, que constituyen infracciones graves; b) Trabajar a desgano en el cumplimiento de labores. Se entiende por trabajo a desgano, el trabajo realizado a ritmo lento para que el resultado de las labores que se desarrollan quede por debajo de lo que se obtiene

374 normalmente, como medida de presión concertada por un grupo de trabajadores administrativos o académicos para obtener, de parte de las autoridades universitarias, alguna prestación laboral o cualquier otro tip"
10,¿Qué sanción corresponde a las infracciones leves?,reglamento_disciplinario_ues.pdf,5.0,False,2,reglamento_disciplinario_ues.pdf,Reglamento Disciplinario de la Universidad de El Salvador,4,4,16,401,400,0.690525472164154,True,False,"cio de la pureza de las mismas; m) Ocupar las instalaciones universitarias con fines lucrativos personales; y n) La reincidencia de las infracciones leves. Infracciones Leves Art. 13. - Se consideran infracciones leves, las siguientes: a) Incumplir la Jornada laboral en las horas correspondientes, sin permiso o causa justificada; entendiéndose por incumplimiento de la jornada laboral las llegadas tardías o retirarse del trabajo durante la jornada o antes de la finalización de la misma; b) La inasistencia a las labores correspondientes durante un día completo por parte del personal académico y administrativo, sin permiso o causa justificada; c) Interrumpir o interferir indebidamente en las actividades académicas, administrativas o culturales; d) Actuar con negligencia, descuido o sin tomar "
10,¿Qué sanción corresponde a las infracciones leves?,reglamento_disciplinario_ues.pdf,5.0,False,3,reglamento_disciplinario_ues.pdf,Reglamento Disciplinario de la Universidad de El Salvador,8,8,36,421,420,0.6450721025466919,True,False,"adas conforme a las reglas de la sana crítica, el organismo o funcionario que estuviere conociendo deberá decidir si sanciona o absuelve al supuesto infractor. Si decidiere sancionarlo con amonestación verbal, la ejecutará en el acto; pero si la decisión fuere de amonestarlo por escrito, se procederá conforme al ordinal 4° del artículo 27 de este Reglamento. Casos de inasistencia o de incumplimiento de la jornada laboral Art. 30. - Cuando la falta que se investiga sea de inasistencia o de incumplimiento de la jornada laboral, el organismo o funcionario competente resolverá, aplicar el descuento del doble del tiempo faltado, después de haber constatado la falta en los registros que al efecto llevarán los respectivos jefes y siempre que, oída la defensa del supuesto infractor, éste no sepa j"
10,¿Qué sanción corresponde a las infracciones leves?,reglamento_disciplinario_ues.pdf,5.0,False,4,reglamento_disciplinario_ues.pdf,Reglamento Disciplinario de la Universidad de El Salvador,7,8,34,419,418,0.6366447806358337,True,False,"en el acto administrativo constitutivo de infracción.

378 De manera accesoria a la sanción que se imponga, la Asamblea General Universitaria tomará las providencias necesarias para restituir los derechos que se hubieren lesionado como consecuencia de la infracción. Procedimiento en caso de infracciones leves Art. 29. - Cuando se trate de infracciones leves, se procederá en la forma establecida en el inciso primero del artículo 27 de este Reglamento, y de conformidad a lo que se dispone a continuación: 1°) En la misma resolución, en que se decida instruir el informativo, el organismo o funcionario competente señalará lugar, día y hora para celebrar una audiencia oral en la que se ventilará el asunto, emplazará al supuesto infractor, instruyéndole por escrito y personalmente de los cargos q"
10,¿Qué sanción corresponde a las infracciones leves?,reglamento_disciplinario_ues.pdf,5.0,False,5,reglamento_disciplinario_ues.pdf,Reglamento Disciplinario de la Universidad de El Salvador,5,6,23,408,407,0.6227926015853882,True,True,"lación académica de un estudiante con la Universidad, durante un período determinado que no podrá exceder de un ciclo académico; quedando el estudiante en ese período inhabilitado para asistir a las actividades académicas o inscribir asignaturas, según el caso. Sanciones aplicables por infracciones leves Art. 19. - La sanción aplicable conforme al presente Reglamento, para infracciones leves, será la amonestación privada. Esta podrá ser verbal o escrita.

376 Otras sanciones accesorias Art. 20. - Además de las sanciones reguladas en los artículos 15, 17 y 19 del presente Reglamento, se impondrán las sanciones accesorias y en los casos siguientes: a) Los casos de inasistencia o incumplimiento de la jornada laboral regulados en los artículos 11 literal “r”, 12 literal “k”y 13 literales “a” y"
10,¿Qué sanción corresponde a las infracciones leves?,reglamento_disciplinario_ues.pdf,5.0,False,6,reglamento_disciplinario_ues.pdf,Reglamento Disciplinario de la Universidad de El Salvador,6,6,24,409,408,0.6203004121780396,True,False," “b” del presente Reglamento, se sancionarán accesoriamente reteniendo el doble del sueldo por el tiempo faltado, sin perjuicio de la aplicación de la sanción principal en el primero y segundo caso, por constituir éstos infracciones grave y menos grave respectivamente. El procedimiento para aplicar los descuentos señalados en el inciso anterior, será el establecido en el artículo 30 del presente Reglamento. b) En el caso de las infracciones reguladas en el art. 12 literal “e” de este Reglamento, como sanción accesoria, la autoridad competente podrá recomendar la participación del sancionado en un programa de orientación o rehabilitación cuyo cumplimiento podrá ser tomado en cuenta como atenuante en caso de reincidencia. c) En caso de infracciones graves, inhabilitación hasta por cuatro año"
10,¿Qué sanción corresponde a las infracciones leves?,reglamento_disciplinario_ues.pdf,5.0,False,7,reglamento_disciplinario_ues.pdf,Reglamento Disciplinario de la Universidad de El Salvador,5,5,22,407,406,0.6051434278488159,True,False,"ratare del personal académico o administrativo; y b) Expulsión menor hasta de un ciclo, si se tratare de estudiantes. Definiciones de sanciones aplicables por infracciones menos graves Art. 18. - Para la correcta aplicación de las sanciones a que se refiere el artículo anterior, se establecen las definiciones siguientes: a) Suspensión: Se entenderá tal como ha sido definida en el literal “d” del artículo 16 del presente Reglamento. b) Inhabilitación: Se entiende como la prohibición ordenada legalmente para que un estudiante o un miembro del personal académico o administrativo de la Universidad pueda ejercer funciones en organismos colegiados o desempeñar cargos de autoridad en la misma durante un período determinado. c) Expulsión Menor: Es la decisión adoptada legalmente de suspender la re"
10,¿Qué sanción corresponde a las infracciones leves?,reglamento_disciplinario_ues.pdf,5.0,False,8,reglamento_disciplinario_ues.pdf,Reglamento Disciplinario de la Universidad de El Salvador,9,9,41,426,425,0.6027145385742188,True,False,"a, a las reglas del Derecho Común, de la equidad y buen sentido. CAPITULO VI NULIDADES Causas de nulidad Art. 37. - La resolución o acuerdo mediante el cual se sancione a cualquier miembro de la comunidad universitaria será nulo, y por tanto deberá revocarse, en cualquiera de los siguientes casos: 1°) Cuando la acción u omisión cometida por el inculpado no constituya infracción, según se dispone en capítulo II de este Reglamento;} 2º) Cuando la autoridad que impuso la sanción no sea la competente para conocer de ese caso; 3°) Cuando la sanción se haya impuesto sin haber observado el procedimiento correspondiente según sea el tipo de infracción, tal como se dispone en este Reglamento; 4°) Cuando en el procedimiento instruido no se haya respetado el derecho de audiencia y de defensa del supu"
10,¿Qué sanción corresponde a las infracciones leves?,reglamento_disciplinario_ues.pdf,5.0,False,9,reglamento_disciplinario_ues.pdf,Reglamento Disciplinario de la Universidad de El Salvador,4,5,18,403,402,0.6008762717247009,True,False,"Resolución como asunto trascendental Art. 14. - Toda resolución definitiva de organismos colegiados que implique sanción por infracción grave, se considerará como asunto trascendental en cuanto a la votación. Sanciones aplicables por infracciones graves Art. 15. - Son sanciones aplicables conforme al presente Reglamento, para infracciones graves, las siguientes:

375 a) Remoción, cesación y destitución del cargo o funciones, cuando se trate de autoridades, miembros de organismos colegiados o de personal universitario, tanto académico como administrativo; b) Suspensión temporal de seis meses a un año sin goce de sueldo, cuando se trate de personal académico o administrativo. Esta sanción se impondrá en los casos que, en atención a lo establecido en el artículo 8 de este Reglamento y a juici"
10,¿Qué sanción corresponde a las infracciones leves?,reglamento_disciplinario_ues.pdf,5.0,False,10,reglamento_disciplinario_ues.pdf,Reglamento Disciplinario de la Universidad de El Salvador,8,8,38,423,422,0.5966582894325256,True,False,"n en el ejercicio de su función, observando el procedimiento establecido en sus correspondientes Reglamentos Internos; los cuales deberán determinar claramente las acciones u omisiones constitutivas de infracción y garantizar, en todo caso, el derecho de defensa del supuesto infractor. Ratificación de resolución o acuerdo Art. 33. - Las resoluciones o acuerdos que de conformidad a las disposiciones anteriores impusieren sanciones por infracciones graves, notificadas que fueren las partes y si ninguna de éstas apelare, previo a su cumplimiento deberán someterse dentro de tercero día de dicha notificación a la ratificación a que se refiere el inciso último del artículo 22 del presente Reglamento. Si se tratare de sanciones impuestas por los Decanos en casos de infracciones graves, además de "
11,¿Cuántos votos conformes se requieren como mínimo para que sea válida la elección en el pleno de la AGU?,reglamento_electoral_ues.pdf,19.0,False,1,reglamento_electoral_ues.pdf,Reglamento Electoral de la Universidad de El Salvador,19,19,58,494,493,0.739469587802887,True,False," en el pleno de la AGU Art. 49. Para efectos de elección se aplicarán los procedimientos siguientes: a) Si un candidato es propuesto por los tres sectores se someterá a elección las veces que sea necesario hasta que alcance el número de votos requeridos; b) Si hubiere dos candidaturas, una propuesta por dos sectores y otra por un sólo sector, se someterán a votación ambas. Si ninguna obtuviere los votos para ser electa y hubiere obtenido más votos la propuesta por un solo sector, se realizará una segunda votación con ambas candidaturas. Si persistiere el resultado, se someterá a tercera votación el candidato que obtuviere más votos en esta segunda votación. Si una candidatura fuera sometida a tercera votación y no alcanzare los votos necesarios para ser electa, se suspenderá la elección pa"
11,¿Cuántos votos conformes se requieren como mínimo para que sea válida la elección en el pleno de la AGU?,reglamento_electoral_ues.pdf,19.0,False,2,reglamento_electoral_ues.pdf,Reglamento Electoral de la Universidad de El Salvador,20,21,64,500,499,0.7345372438430786,True,False,"estión de las nuevas autoridades o cuando finalice el proceso de elección ordinario. Los candidatos propuestos, se someterán a una primera ronda de votación y en caso de que nadie resulte electo se someterán a una segunda votación las dos propuestas que obtuvieron mayor número de votos, si nuevamente nadie resulta electo, se someterá a votación la propuesta que obtuvo más votos hasta lograr su designación. Una vez electo y juramentado por la AGU el funcionario titular, el interino designado cesará en sus funciones y se tendrá por terminado el nombramiento o contratación. (1)

Comprobación y verificación de requisitos Art. 50. Toda persona electa para alguno de los cargos mencionados en el Capítulo IV de este Reglamento podrá ser juramentada y tomar posesión previa comprobación del cumplimi"
11,¿Cuántos votos conformes se requieren como mínimo para que sea válida la elección en el pleno de la AGU?,reglamento_electoral_ues.pdf,19.0,False,3,reglamento_electoral_ues.pdf,Reglamento Electoral de la Universidad de El Salvador,6,6,16,452,451,0.7146376371383667,True,False,"itos establecidos en el formato proporcionado por la AGU, y servirá como documento probatorio de las personas que resulten electas. El acta deberá ser firmada por el Presidente, Secretario, Vocales y los observadores oficialmente delegados. La misma deberá notificarse a los candidatos participantes. n) Entregar al final del proceso un informe a la Junta Directiva de la AGU, de las Facultades y a Fiscalía General de la UES, en un plazo de tres días hábiles contados a partir de la elección y deberá ser firmado por el Presidente y el Secretario. Al informe se anexarán la programación, el acta de elección y el padrón electoral. Las papeletas serán enviadas a la JD de la AGU. o) Solicitar por escrito, observadores de Fiscalía, AGU, Defensoría y del sector que estimen conveniente, para la verifi"
11,¿Cuántos votos conformes se requieren como mínimo para que sea válida la elección en el pleno de la AGU?,reglamento_electoral_ues.pdf,19.0,False,4,ley_organica_ues.pdf,Ley Orgánica de la Universidad de El Salvador,18,18,85,302,301,0.7141705751419067,False,False,"o de media hora de espera por lo menos, entre las horas fijadas para la primera y segunda convocatorias. Las decisiones sobre asuntos trascendentales se tomarán con el voto conforme de los dos tercios del total de sus integrantes, como mínimo; para las decisiones sobre asuntos corrientes bastarán los votos conformes de la mitad más uno de los miembros que la integran. No se podrá iniciar el conocimiento o discusión de ningún asunto, si no existiere el quórum necesario para que se pueda adoptar resolución sobre el mismo. La desintegración del quórum inicialmente establecido, no será obstáculo para que continúe la sesión y pueda la Asamblea General Universitaria adoptar resoluciones, siempre que éstas sean votadas por las mayorías previstas en el inciso anterior. Las reglas sobre convocatori"
11,¿Cuántos votos conformes se requieren como mínimo para que sea válida la elección en el pleno de la AGU?,reglamento_electoral_ues.pdf,19.0,False,5,reglamento_electoral_ues.pdf,Reglamento Electoral de la Universidad de El Salvador,23,23,72,508,507,0.7072499990463257,True,False,"a que la AGU resuelva a más tardar en las próximas dos plenarias siguientes a la recepción del dictamen de Fiscalía. La resolución de la AGU no admitirá recurso alguno. Efectos de la nulidad Art. 58. Declarada la nulidad de una elección, la AGU convocará a una nueva elección, la cual deberá celebrarse a más tardar treinta días hábiles después de la fecha en que se emita. CAPITULO VII DISPOSICIONES GENERALES Obligación de los organismos Art. 59. Todos los organismos o funcionarios de la UES, y las Asociaciones de Profesionales No Docentes con personalidad jurídica de cada Facultad, están en la obligación de hacer lo que dentro de sus respectivas atribuciones y deberes legales sea necesario para que la elección de los representantes del personal académico, de los profesionales no docentes y "
11,¿Cuántos votos conformes se requieren como mínimo para que sea válida la elección en el pleno de la AGU?,reglamento_electoral_ues.pdf,19.0,False,6,reglamento_electoral_ues.pdf,Reglamento Electoral de la Universidad de El Salvador,24,24,75,511,510,0.7052414417266846,True,False,"e circulación nacional, a más tardar la tercera semana de abril del año en que concluya el período de funciones para miembros de la AGU; y a más tardar la tercera semana de agosto en que concluye el período de funciones para la elección de otros cargos regulados en el presente Reglamento. La Junta Directiva de la AGU solicitará incluir como punto de agenda la elección de funcionarios, a las asociaciones de profesionales no docentes. Divulgación del calendario electoral Art. 64. Los comités electorales deberán publicar el calendario electoral en los órganos de divulgación de la UES y demás medios que estimen conveniente. Papeletas de votación Art. 65. Las papeletas de votación, para cualquier elección deberán ser elaboradas en la imprenta universitaria, por orden del Presidente de la AGU o "
11,¿Cuántos votos conformes se requieren como mínimo para que sea válida la elección en el pleno de la AGU?,reglamento_electoral_ues.pdf,19.0,False,7,reglamento_electoral_ues.pdf,Reglamento Electoral de la Universidad de El Salvador,25,25,77,513,512,0.7047610282897949,True,False,"ferente, a la designación del candidato por el cual se vota; b) Cuando en la papeleta, se haya votado por dos ó más candidatos para un solo cargo; c) Si en la papeleta, se han escrito palabras obscenas, o cualquier otra palabra, que vaya contra la moral y las buenas costumbres; y d) Cuando la papeleta, no contenga el sello y firmas del Presidente y Secretario de la mesa receptora de votos. Fechas de elecciones Art. 68. Las elecciones para integrantes de la AGU se efectuarán a más tardar la tercera semana de mayo del año en que concluya el período de funciones. La elección de integrantes por representación de los demás Órganos Colegiados de Gobierno y los candidatos para funcionarios ejecutivos de la UES, se efectuará dentro de las primeras tres semanas del mes de septiembre del año en que "
11,¿Cuántos votos conformes se requieren como mínimo para que sea válida la elección en el pleno de la AGU?,reglamento_electoral_ues.pdf,19.0,False,8,reglamento_electoral_ues.pdf,Reglamento Electoral de la Universidad de El Salvador,19,19,59,495,494,0.7007632851600647,True,False,"ra ser conocida por la AGU en la plenaria o las plenarias subsiguientes, en un máximo de tres; c) Si cada sector propone candidaturas diferentes, éstas se someterán a una primera votación. Si ninguna obtuviere la cantidad de votos requeridos para ser electa, se someterán a segunda votación los dos candidatos que obtengan mayor cantidad de votos en la primera votación. Si en la segunda votación ninguno de los candidatos obtuviere los votos necesarios para ser electo, se someterá a tercera votación la candidatura que alcance más votos en la segunda votación. Si la candidatura sometida a tercera votación, no obtuviere los votos para ser electa, se suspenderá la elección para ser conocida por la AGU en las tres plenarias subsiguientes como máximo, en las cuales se someterá a votación sólo el ú"
11,¿Cuántos votos conformes se requieren como mínimo para que sea válida la elección en el pleno de la AGU?,reglamento_electoral_ues.pdf,19.0,False,9,reglamento_electoral_ues.pdf,Reglamento Electoral de la Universidad de El Salvador,11,11,34,470,469,0.681428074836731,True,False,"erales “a”, “b” y “d” de este artículo, realizar el escrutinio de los votos, elaborar el acta y el informe final, que serán firmados por quienes integren el Comité y remitirlos a la AGU, Fiscalía y a la Junta Directiva de la asociación respectiva, en un plazo máximo de tres días hábiles después de la elección, firmado por el Presidente, Secretario, y al menos un vocal. En el caso de no firmar alguno de los miembros del Comité, sin causa justificada, se hará constar en el Acta respectiva. El acta del resultado de las votaciones deberá notificarse a los candidatos participantes, en el mismo acto; j) El Comité Electoral de las Facultades deberá contar con el padrón electoral de cada asociación debidamente acreditada, el cual será enviado como máximo cinco días antes de la elección a la Fiscal"
11,¿Cuántos votos conformes se requieren como mínimo para que sea válida la elección en el pleno de la AGU?,reglamento_electoral_ues.pdf,19.0,False,10,reglamento_electoral_ues.pdf,Reglamento Electoral de la Universidad de El Salvador,8,8,23,459,458,0.6682617664337158,True,False," para cargos de representantes. Un ejemplar deberá ser entregado a la Asamblea de Personal Académico de la Facultad, otro deberá ser fijado en lugar visible y de acceso al personal académico y un tercero deberá remitirse a la Fiscalía. Validez de las sesiones de la asamblea Art. 16. Para que pueda sesionar válidamente la Asamblea del Personal Académico en el ejercicio de las funciones electorales, se necesitará la mitad más uno de sus integrantes, ya sea en primera o segunda convocatoria y tomará acuerdos con la mitad más una de las personas presentes, siempre que se mantenga el quórum de la mitad mas uno de los integrantes. Podrá exonerarse de la nómina de la Asamblea del Personal Académico, para efectos del computo del quórum mínimo, al personal a tiempo parcial, cuyo horario no coincida"
12,¿Qué promedio debe haber alcanzado un egresado para acreditarse como candidato estudiantil?,reglamento_electoral_ues.pdf,13.0,False,1,reglamento_electoral_ues.pdf,Reglamento Electoral de la Universidad de El Salvador,13,13,41,477,476,0.7194222807884216,True,True," 26. En el caso de estudiantes egresados que participen para optar a un cargo en los diferentes Órganos de Gobierno, los requisitos que se deberán exigir, además de lo establecido en el último inciso del artículo 15 de la Ley Orgánica, serán los siguientes: a) Tener matrícula vigente de conformidad con el artículo 40 de la Ley Orgánica; b) Haber alcanzado un promedio del setenta por ciento del máximo obtenible en los dos últimos ciclos antes de su egreso; y c) La carta de egreso expedida por la Administración Académica de la Facultad. Dichos documentos deberán ser entregados a Fiscalía con los requeridos en el artículo 24, numeral 3, literal “b” de este reglamento para efectos de su acreditación. Juramentación y toma de posesión Art. 27. Las personas electas y acreditadas para integrar los"
12,¿Qué promedio debe haber alcanzado un egresado para acreditarse como candidato estudiantil?,reglamento_electoral_ues.pdf,13.0,False,2,ley_organica_ues.pdf,Ley Orgánica de la Universidad de El Salvador,5,5,21,238,237,0.7161902189254761,False,False,"ngan menos de dicho tiempo de fundación, o creadas con posterioridad a la vigencia de la presente Ley; c) Tratándose de estudiantes, haber aprobado el cincuenta por ciento de su carrera como mínimo en la Facultad correspondiente; haber obtenido en el año anterior, un promedio de calificaciones no menor del setenta por ciento del máximo obtenible, o su equivalente en otros sistemas y haber estudiado en la Universidad como alumno regular, durante los dos años anteriores a la elección. Además de los requisitos anteriores, los representantes a que se refiere el presente articulo, deberán ser salvadoreños, de reconocida honorabilidad; no ser funcionarios públicos, ni desempeñar cargos de dirección en la Universidad o en otras universidades e instituciones de educación superior, ni formar parte "
12,¿Qué promedio debe haber alcanzado un egresado para acreditarse como candidato estudiantil?,reglamento_electoral_ues.pdf,13.0,False,3,reglamento_general_ley_organica_ues.pdf,Reglamento General de la Ley Orgánica de la Universidad de El Salvador,16,16,67,584,583,0.6777108907699585,False,False,"resado, a todo estudiante que haya cumplido con los requisitos académicos que su plan de estudios establece. Se contará con un reglamento que regule en forma administrativa y académica, los procesos de graduación. Los egresados no graduados, se considerarán estudiantes de la Universidad durante los tres años siguientes después de haber cursado su último ciclo de estudios. Ingreso y Matrícula. Art. 67. - Todo aspirante para tener derecho a ingresar y a matricularse por primera vez como estudiante en la Universidad deberá cumplir con los requisitos siguientes: a) Presentar certificación de partida de nacimiento; b) Presentar cédula de identidad personal o documento equivalente o en su defecto carné de minoridad, licencia de conducir, pasaporte o carné electoral; c) Comprobar su calidad de Ba"
12,¿Qué promedio debe haber alcanzado un egresado para acreditarse como candidato estudiantil?,reglamento_electoral_ues.pdf,13.0,False,4,documento_fuente.pdf,Reglamento de la Gestión Académico-Administrativa de la Universidad de El Salvador,45,46,158,158,157,0.6723371744155884,False,False,"o de graduación inscrito y en proceso. Cuando el estudiante supere los requisitos, la calidad de egresado se le autorizará de oficio.

46 PROGRAMA ESPECIAL DE REFUERZO ACADÉMICO. Artículo 186. Los estudiantes que al finalizar su plan de estudios no obtengan el Coeficiente de Unidades de Mérito establecido, deberán someterse al Programa Especial de Refuerzo Académico que establece el Reglamento del Sistema de Unidades Valorativas y de Coeficiente de Unidades de Merito en la Universidad de El Salvador. COEFICIENTE DE UNIDADES DE MERITO HONORÍFICO Artículo 187. El estudiante que obtenga un Coeficiente de Unidades de Mérito Honorífico se le aplicará lo establecido en el artículo 9 del Reglamento del Reglamento del Sistema de Unidades Valorativas y de Coeficiente de Unidades de Merito en la Uni"
12,¿Qué promedio debe haber alcanzado un egresado para acreditarse como candidato estudiantil?,reglamento_electoral_ues.pdf,13.0,False,5,reglamento_sistema_escalafon_personal_ues.pdf,Reglamento General del Sistema de Escalafón del Personal de la Universidad de El Salvador,13,13,61,690,689,0.6720760464668274,False,False,"a, debidamente comprobados y obtenidos en Instituciones Nacionales o Internacionales de reconocido prestigio, adicionales al grado académico mínimo exigido para el ingreso a la carrera del personal académico. Dependiendo de la naturaleza de los estudios acreditados, la ponderación en puntos será como sigue: 1) Doctorados con carácter de Post-Grado: 12 puntos 2) Maestría: 10 puntos 3) Cursos de 181-240 horas hasta un máximo de tres cursos: 2 puntos cada uno 4) Cursos de 141-180 horas hasta un máximo de tres cursos: 1.5 puntos cada uno 5) Cursos de 101-140 horas hasta un máximo de tres cursos: 1.0 punto cada uno 6) Cursos de 60-100 horas hasta un máximo de tres cursos: 0.5 puntos cada uno. El puntaje máximo obtenible en este aspecto en cada categoría se puede obtener mediante Maestría o Doct"
12,¿Qué promedio debe haber alcanzado un egresado para acreditarse como candidato estudiantil?,reglamento_electoral_ues.pdf,13.0,False,6,documento_fuente.pdf,Reglamento de la Gestión Académico-Administrativa de la Universidad de El Salvador,30,30,102,102,101,0.6588959693908691,False,False,", a fin de mejorar su rendimiento. Los estudiantes con Coeficiente de Unidades de Mérito acumulado igual o mayor a siete punto cero, no estarán obligados a someterse al proceso de asesoría. Aprobación de prerrequisitos y correquisitos Art. 111-A. La Administración Académica de Facultad deberá comprobar que el estudiante haya aprobado los prerrequisitos respectivos para la inscripción de Unidades de Aprendizaje; para el caso de los co-requisitos éstos pueden previamente haber sido cursados y aprobados o se podrán cursar simultáneamente; caso contrario se le anulará de oficio la inscripción de dicha Unidad de Aprendizaje. Los co-requisitos no podrán inscribirse individualmente excepto que haya sido reprobado. En ningún caso se permitirá la inscripción de unidades de aprendizaje con interfere"
12,¿Qué promedio debe haber alcanzado un egresado para acreditarse como candidato estudiantil?,reglamento_electoral_ues.pdf,13.0,False,7,ley_organica_ues.pdf,Ley Orgánica de la Universidad de El Salvador,3,3,11,228,227,0.6530240774154663,False,False,"entará en forma documentada al solicitar su ingreso o reingreso a la UES; b) Su rendimiento académico; y c) El centro de estudios y la cuota de escolaridad que pagó durante su educación media. La cuota de escolaridad será establecida por un organismo especializado adscrito al Consejo Superior Universitario, considerando la menor o mayor capacidad económica del aspirante; sin embargo, en ningún caso esta cuota será mayor al equivalente de diez días del salario mínimo para la zona urbana. Cuando el aspirante lo prefiera, podrá abstenerse de presentar la declaración jurada a que se refiere el presente articulo; pero, en tal caso, asumirá automáticamente la cuota máxima de escolaridad. Igual pago se le establecerá al aspirante que, en perjuicio económico de la UES, mienta, oculte o tergiverse "
12,¿Qué promedio debe haber alcanzado un egresado para acreditarse como candidato estudiantil?,reglamento_electoral_ues.pdf,13.0,False,8,documento_fuente.pdf,Reglamento de la Gestión Académico-Administrativa de la Universidad de El Salvador,30,31,105,105,104,0.648522138595581,False,False,"n cumplir los siguientes requisitos:

31 I) Estudiantes de Nuevo Ingreso: 1) Haber cancelado la matrícula de escolaridad; 2) Haber cancelado la primera cuota de escolaridad del ciclo I; para el ciclo II haber cancelado hasta la sexta cuota; y 3) Presentar los correspondientes Formularios de ingreso universitario. II) Estudiantes de Antiguo Ingreso: 1) Haber cancelado la matrícula de escolaridad; 2) Estar solvente en las Bibliotecas del Sistema Universitario así como en laboratorios según carrera y/o de áreas clínicas; 3) Haber cancelado la primera cuota de escolaridad del ciclo I; para el ciclo II haber cancelado hasta la sexta cuota; y 4) Haber realizado la asesoría correspondiente. III) Estudiantes de reingreso: 1) Haber cancelado la matrícula de escolaridad; 2) Haber realizado el proces"
12,¿Qué promedio debe haber alcanzado un egresado para acreditarse como candidato estudiantil?,reglamento_electoral_ues.pdf,13.0,False,9,reglamento_becas_ues.pdf,Reglamento de Becas de la Universidad de El Salvador,9,9,38,360,359,0.6480969190597534,False,False," en los siguientes criterios: a) Rendimiento Académico promedio alcanzado en la educación media, el cual no podrá ser inferior a 7.0 en el caso de estudiantes de nuevo ingreso; b) Rendimiento Académico alcanzado en el ciclo anterior, cuyo promedio global de notas no podrá ser menos de 7.0 para los estudiantes de ingresos anteriores; c) No haber sido sancionado por infracciones disciplinarias; y d) Resultado de la investigación socio económica del grupo familiar del estudiante. Los estudiantes solicitantes deberán presentar la documentación respectiva en los plazos señalados por la UESE. Tiempo para Adjudicación. Art. 53. - La adjudicación de las Becas Remuneradas Diferenciadas se hará al inicio de cada ciclo académico; pero si en el transcurso quedare vacante una o más becas, podrán ser ad"
12,¿Qué promedio debe haber alcanzado un egresado para acreditarse como candidato estudiantil?,reglamento_electoral_ues.pdf,13.0,False,10,documento_fuente.pdf,Reglamento de la Gestión Académico-Administrativa de la Universidad de El Salvador,23,23,79,79,78,0.6404189467430115,False,False,"iente y que mantiene inscripción de Unidades de Aprendizaje en cada ciclo. Asimismo el egresado que se encuentra matriculado y ha inscrito su trabajo de graduación. Estudiante regular Es el estudiante que ha mantenido inscripción de Unidades de Aprendizaje durante todos los ciclos correspondientes al período, con un mínimo del 40% de cada ciclo que su plan de estudios le permite inscribir, según lo dispone el Art. 66 inciso segundo del Reglamento General de la Ley Orgánica. Egresado matriculado Es el estudiante que ha cursado y aprobado la totalidad de unidades de aprendizaje que le exige su plan de estudios y que mantiene matricula conforme el Art. 40 de la Ley Orgánica, en el año académico correspondiente y que mantiene vigente la calidad de egresado y no ha inscrito su proceso de gradua"
13,¿Quién propone al CSU la terna de candidatos al cargo de Secretario General?,reglamento_general_ley_organica_ues.pdf,7.0,False,1,reglamento_general_ley_organica_ues.pdf,Reglamento General de la Ley Orgánica de la Universidad de El Salvador,7,7,28,545,544,0.720298707485199,True,True," Quinta De la Secretaría General Del Secretario General Art. 24. - Una vez elegido y en posesión de su cargo, el Rector propondrá al CSU en la primera sesión que convoque, la terna de candidatos al cargo de Secretario General de la Universidad. Mientras no se elija al nuevo titular, el que viniera fungiendo seguirá en el cargo en carácter de interino. Requisitos para ser Secretario General Art. 25. - Para ser Secretario General de la Universidad, se requiere: a) Ser salvadoreño; b) Ser graduado de la Universidad de El Salvador, con no menos de cinco años de posesión del grado académico; c) Ser de reconocida honorabilidad, competencia profesional y tener conocimiento del quehacer universitario; y d) Presentar declaración jurada de que no trabaja en otra institución pública o privada. Atribu"
13,¿Quién propone al CSU la terna de candidatos al cargo de Secretario General?,reglamento_general_ley_organica_ues.pdf,7.0,False,2,reglamento_electoral_ues.pdf,Reglamento Electoral de la Universidad de El Salvador,20,20,63,499,498,0.6351448893547058,False,False,"n los funcionarios cuya elección o nombramiento corresponde a la AGU, alguno de ellos no hubiese sido electo o nombrado; deberá la AGU, designar por mayoría calificada la persona que ocupe la vacante, para el período que dure el nuevo proceso electoral que culmine con la elección del titular. La persona que ocupará la vacante será elegida de una terna que provenga del Consejo Superior Universitario. Las personas propuestas en la terna del CSU, no podrán ser de entre los candidatos que compitieron en el proceso ordinario de elección de la AGU. Los aspirantes a ocupar el cargo deberán cumplir con todos los requisitos que la ley establece para el respectivo titular. (1) Art. 49 C. El proceso de designación del interino podrá iniciarse el 28 de octubre de cada año en que inicie el período de g"
13,¿Quién propone al CSU la terna de candidatos al cargo de Secretario General?,reglamento_general_ley_organica_ues.pdf,7.0,False,3,reglamento_electoral_ues.pdf,Reglamento Electoral de la Universidad de El Salvador,19,19,60,496,495,0.6296679973602295,False,False,"ltimo candidato; d) En el caso de las ternas propuestas por el CSU para el nombramiento del Fiscal General y el Auditor Externo, se aplicará, en lo pertinente, el procedimiento descrito en el literal “c” del presente artículo. Agotado el procedimiento anterior de los literales “b”, “c” y “e”, se abrirá un período para que los sectores de la AGU convocados por la Junta Directiva, se pongan de acuerdo a fin de propiciar el consenso para la elección del último candidato. Si después de tres plenarias no se lograre la elección, se cerrará el proceso electoral para el cargo de que se trate y se iniciará un nuevo proceso electoral; y e) En caso de empate de los candidatos a cargo de Rector, Vicerrectores y Defensor de los derechos universitarios, en cualesquiera de los sectores; serán sometidos s"
13,¿Quién propone al CSU la terna de candidatos al cargo de Secretario General?,reglamento_general_ley_organica_ues.pdf,7.0,False,4,reglamento_electoral_ues.pdf,Reglamento Electoral de la Universidad de El Salvador,17,17,54,490,489,0.6254379749298096,False,False," Reglamento Disciplinario. Sección Cuarta Nombramiento del Fiscal General y del Auditor Externo Presentación de ternas Art. 42. Para el nombramiento del Fiscal General y del Auditor Externo, el CSU deberá presentarle a la AGU una terna para cada cargo a más tardar el trece de septiembre del año en que corresponde realizar la elección. El CSU acordará la selección de cada una de las ternas, de las candidaturas propuestas que presente el organismo o mediante el mecanismo que oportunamente éste determine. En el caso del Auditor Externo, se deberá observar, además, lo establecido en la Ley de Adquisiciones y Contrataciones de la Administración Pública, en lo aplicable. Vencido el plazo establecido en el inciso primero de este artículo sin que el CSU presente las ternas correspondientes, se apl"
13,¿Quién propone al CSU la terna de candidatos al cargo de Secretario General?,reglamento_general_ley_organica_ues.pdf,7.0,False,5,reglamento_electoral_ues.pdf,Reglamento Electoral de la Universidad de El Salvador,15,16,49,485,484,0.6116964817047119,False,False,"r, de acuerdo a lo establecido en el artículo 19 literal “e” de la Ley Orgánica; y c) El Fiscal General y Auditor Externo, de las ternas propuestas por el CSU, de conformidad al artículo 19 literal “f” de la Ley Orgánica. Sección Segunda Elección de Rector, Vicerrectores y Defensor de los Derechos Universitarios Precandidaturas y Requisitos Art. 35. Pueden participar, como precandidatos para los cargos de Rector, Vicerrector Académico o Vicerrector Administrativo, y Defensor de los Derechos Universitarios, las personas que reúnan los requisitos legales establecidos en los artículos 25 y 62 inciso

tercero, de la Ley Orgánica, y artículo 20 inciso tercero, del Reglamento General, según corresponda. Las personas interesadas en inscribirse como precandidatas lo harán ante los respectivos Cons"
13,¿Quién propone al CSU la terna de candidatos al cargo de Secretario General?,reglamento_general_ley_organica_ues.pdf,7.0,False,6,reglamento_electoral_ues.pdf,Reglamento Electoral de la Universidad de El Salvador,16,17,52,488,487,0.6087744832038879,False,False,"cera Elección de Decanos y Vice-Decanos Propuestas de candidaturas Art. 39. Para los cargos de Decano y Vice-Decano de las Facultades, cada sector presentará a la AGU una candidatura dentro del plazo establecido en cumplimiento del artículo 31 inciso primero de la Ley Orgánica. La propuesta de candidaturas deberá presentarse ante la AGU a más tardar el veintiocho de septiembre del año en que corresponda realizar la elección.

En cumplimiento del artículo 19, literal “e”, de la Ley Orgánica, el personal Académico debe elegir sus candidatos mediante acuerdo tomado por sus integrantes en Asamblea del Personal Académico. Para los sectores estudiantil y profesional no docente, el procedimiento de elección de candidatos será determinado por los respectivos comités electorales de cada Facultad. P"
13,¿Quién propone al CSU la terna de candidatos al cargo de Secretario General?,reglamento_general_ley_organica_ues.pdf,7.0,False,7,reglamento_electoral_ues.pdf,Reglamento Electoral de la Universidad de El Salvador,15,15,47,483,482,0.6064494848251343,False,False,"estas de las precandidaturas para los cargos de Rector, Vicerrectores y Defensor de los Derechos Universitarios para que participen en el proceso de elección de candidatos ante la AGU; d) Presentar a la AGU, la propuesta de candidatos del correspondiente sector, que resulten electos, a más tardar treinta días calendario antes de la fecha fijada para el inicio del período de funciones; e) Recibir las actas del resultado de las votaciones de las precandidaturas, que le envíen los Comités Electorales de Facultad del Sector correspondiente, verificando que las mismas estén firmadas por el Presidente, Secretario y al menos un vocal, y por los observadores asistentes oficialmente invitados; f) Elaborar acta del escrutinio final, que será firmada por quienes integren la Directiva del Consejo Pree"
13,¿Quién propone al CSU la terna de candidatos al cargo de Secretario General?,reglamento_general_ley_organica_ues.pdf,7.0,False,8,reglamento_sistema_escalafon_personal_ues.pdf,Reglamento General del Sistema de Escalafón del Personal de la Universidad de El Salvador,8,8,36,665,664,0.5993014574050903,False,False,"tarán al Personal Académico, dos al sector estudiantil y uno al sector profesional no docente. Habrá igual número de suplentes, quienes sustituirán a los propietarios en caso de ausencia. Los integrantes del Comité en la primera reunión de trabajo que realicen, designarán de su seno al Coordinador y Secretario, lo cual se hará constar en acta. La calidad de miembro del Comité es incompatible con el de miembro de la Junta Directiva de la Facultad, Decano, Vice Decano, Secretario de la Facultad, Director y Secretario de Escuela o Jefe de Departamento. En caso que algún sector no haya elegido a sus representantes ante el Comité o no asistan a las reuniones, éste podrá funcionar, tomar decisiones y hacer propuestas con un mínimo de tres de sus miembros. Requisitos Art. 18. - Para ser elegido m"
13,¿Quién propone al CSU la terna de candidatos al cargo de Secretario General?,reglamento_general_ley_organica_ues.pdf,7.0,False,9,documento_fuente.pdf,Reglamento de la Gestión Académico-Administrativa de la Universidad de El Salvador,3,3,9,9,8,0.5968314409255981,False,False, y sus respectivos suplentes. El Secretario de Asuntos Académicos será el enlace operativo del proceso de ingreso universitario en lo relacionado a sus atribuciones. ATRIBUCIONES Y DEBERES DEL COMITÉ DE INGRESO UNIVERSITARIO. Artículo 9. Son Atribuciones y deberes del Comité de Ingreso Universitario las siguientes: a) Proponer al Consejo Superior Universitario el plan anual operativo sustentado en las políticas de selección para el ingreso universitario; b) Coordinar la promoción y selección de aspirantes a ingresar a la Universidad de El Salvador; c) Designar el equipo de docentes que elaborará el temario y seleccionará el material de apoyo didáctico del curso en línea; d) Diseñar la prueba de aptitudes auxiliándose de un equipo multidisciplinar de profesionales en el área de la educación
13,¿Quién propone al CSU la terna de candidatos al cargo de Secretario General?,reglamento_general_ley_organica_ues.pdf,7.0,False,10,reglamento_general_ley_organica_ues.pdf,Reglamento General de la Ley Orgánica de la Universidad de El Salvador,7,7,29,546,545,0.5943599939346313,True,False,"ciones y deberes del Secretario General Art. 26. - Son atribuciones y deberes del Secretario General los siguientes: a) Ser el Secretario del CSU, debiendo redactar las actas de las sesiones de este organismo y dar seguimiento al cumplimiento de los acuerdos que emita; b) Certificar con su firma las resoluciones y acuerdos del CSU; c) Firmar con el Rector, los títulos que otorgue la UES; d) Firmar los Diplomas cuyos estudios tengan aprobación del CSU; e) Proponer al Rector, el nombramiento y demás acciones relacionadas al personal a su cargo; f) Redactar la memoria anual de la Institución; g) Velar por la publicidad oficial de los acuerdos y resoluciones del CSU, así como de los planes y programas de estudio de la UES; h) Autenticar las firmas de los funcionarios de la UES; i) Elaborar su "
14,¿Cuál es la jornada ordinaria del personal nombrado o contratado a tiempo completo?,reglamento_general_ley_organica_ues.pdf,20.0,False,1,reglamento_sistema_escalafon_personal_ues.pdf,Reglamento General del Sistema de Escalafón del Personal de la Universidad de El Salvador,3,3,13,642,641,0.631647527217865,False,False,"l que labora en la Universidad haciendo un total de cuarenta horas semanales. La jornada diaria puede ser establecida y modificada dependiendo de las necesidades del servicio que se presta, siempre que se observe la jornada semanal máxima; 7) Tiempo Integral: Es una modalidad de contratación en la cual el personal está al servicio exclusivo de la Universidad y no puede percibir otros ingresos dentro o fuera de la misma, excepto por premios científicos, literarios, derechos de autor y dietas legalmente aprobadas en cualquier organismo; 8) Tiempo Parcial: Es aquel en el cual el personal académico y administrativo no docente presta servicios a la Universidad por un tiempo menor a lo establecido para el personal a tiempo completo; 9) Año Sabático: Es el derecho de que goza el personal que desa"
14,¿Cuál es la jornada ordinaria del personal nombrado o contratado a tiempo completo?,reglamento_general_ley_organica_ues.pdf,20.0,False,2,reglamento_general_ley_organica_ues.pdf,Reglamento General de la Ley Orgánica de la Universidad de El Salvador,20,21,89,606,605,0.5251114368438721,True,False,"anera temporal, cuando ello no perjudique la buena marcha de la Institución. Establecimiento de horarios en función de las necesidades del servicio y sus modificaciones Art. 85. - Los horarios de trabajo para el personal docente, administrativo y de servicio, deberán ajustarse al desarrollo de las funciones de la Universidad; debiendo garantizarse en todo caso el cumplimiento de la jornada semanal a que se refiere el artículo anterior. Cada Facultad regulará dichos horarios de acuerdo a las necesidades de la atención del servicio que presta y maximización de sus recursos.

366 La Junta Directiva de cada Facultad, a propuesta del Decano, previa consulta con la Asamblea del Personal Académico, podrá establecer o modificar el horario de una determinada Unidad o servicio, de manera temporal ha"
14,¿Cuál es la jornada ordinaria del personal nombrado o contratado a tiempo completo?,reglamento_general_ley_organica_ues.pdf,20.0,False,3,reglamento_sistema_escalafon_personal_ues.pdf,Reglamento General del Sistema de Escalafón del Personal de la Universidad de El Salvador,5,5,20,649,648,0.5203456878662109,False,False,"s extraordinariamente, o a la remuneración adicional a que se refiere el artículo 94 del Reglamento General de la Ley Orgánica; i) Recibir el pago de los viáticos derivados del desempeño de su cargo, para realizar las labores encomendadas fuera de la sede en la que esté destacado; j) A permiso con goce de sueldo por dos horas diarias dentro de la jornada laboral para realizar cualquier nivel de estudios dentro o fuera de la Universidad, cuando no hubiere interferencias entre ambas actividades y siempre que estuviere nombrado o contratado a tiempo integral o tiempo completo; k) Que se le proporcione por parte de la institución los recursos necesarios para el buen desempeño de su labor; l) Asociarse libremente en las organizaciones sindicales o profesionales legalmente constituidas, para su "
14,¿Cuál es la jornada ordinaria del personal nombrado o contratado a tiempo completo?,reglamento_general_ley_organica_ues.pdf,20.0,False,4,reglamento_general_ley_organica_ues.pdf,Reglamento General de la Ley Orgánica de la Universidad de El Salvador,22,22,98,615,614,0.5145964026451111,True,False,"cionarios administrativos a tiempo completo podrán recibir remuneración adicional en la Universidad, por el desarrollo de actividades académicas o su participación en proyectos de interés institucional, siempre que los servicios prestados estén fuera de su horario ordinario y se trate de actividades adicionales a las funciones para las que han sido nombrados o contratados sin menoscabo de las mismas, previo acuerdo de J.D. para el personal de las Facultades, y de Rectoría para el personal bajo su cargo, ratificado ambos por el CSU. En tales casos, la remuneración adicional será establecida en la respectiva Unidad donde se preste el servicio, y corresponderá al justo precio de las labores desarrolladas. Los Jefes Inmediatos y el Auditor Interno controlarán de manera especial, el cumplimient"
14,¿Cuál es la jornada ordinaria del personal nombrado o contratado a tiempo completo?,reglamento_general_ley_organica_ues.pdf,20.0,False,5,reglamento_sistema_escalafon_personal_ues.pdf,Reglamento General del Sistema de Escalafón del Personal de la Universidad de El Salvador,19,19,83,712,711,0.5071004629135132,False,False," tener historial laboral con sanciones o demérito que lo descalifiquen como elegible, con apego a lo establecido en el artículo 10 de este Reglamento y tener acumulado un promedio del 70% de sus evaluaciones del desempeño; y para el numeral 3 se hará por medio de un aviso que se publicará en uno de los periódicos de mayor circulación en el país con no menos de siete días de anticipación a la fecha de cierre de la recepción de documentos. Período de prueba Art. 66. - El personal de nuevo ingreso se contratará interinamente por un período de prueba de tres meses, el cual se sujetará a las siguientes condiciones: 1) Los nombramientos de las personas que de conformidad con las presentes disposiciones ingresen al servicio de la Universidad, se harán interinamente; 2) Durante el período de prueb"
14,¿Cuál es la jornada ordinaria del personal nombrado o contratado a tiempo completo?,reglamento_general_ley_organica_ues.pdf,20.0,False,6,reglamento_sistema_escalafon_personal_ues.pdf,Reglamento General del Sistema de Escalafón del Personal de la Universidad de El Salvador,5,6,25,654,653,0.4980900287628174,False,False,"amentos. Deberes

430 Art. 9. - Son deberes del Personal Académico y Administrativo no docente, los siguientes: A. Deberes del Personal Académico: 1) Cumplir con sus tareas de docencia, investigación o proyección social, según el caso, dentro de los horarios y períodos que fijen las autoridades correspondientes; 2) Planificar, organizar y ejecutar las actividades inherentes al cargo que desempeña, de conformidad a los estándares de carga académica que se establezcan en la Universidad o la Facultad; 3) Asistir a las sesiones docente administrativas, cuando sean convocados para ello, dentro de su jornada de contratación; 4) Ampliar su cultura y perfeccionar su formación académica, técnica y científica, a través de la participación en programas de becas, desarrollo e intercambio académico y e"
14,¿Cuál es la jornada ordinaria del personal nombrado o contratado a tiempo completo?,reglamento_general_ley_organica_ues.pdf,20.0,False,7,reglamento_sistema_escalafon_personal_ues.pdf,Reglamento General del Sistema de Escalafón del Personal de la Universidad de El Salvador,12,12,55,684,683,0.49443694949150085,False,False,"untos correspondientes a cada nivel jerárquico; para el personal nombrado a tiempo parcial se aplicará este puntaje en forma proporcional. Una vez completado el número de puntos necesarios para pasar a la categoría inmediata superior, para efectos de promoción no se tomará en cuenta más puntos por los años que debe permanecer en la misma categoría mientras reúne el mínimo de puntos exigibles en los otros aspectos. No obstante serán acumulables en la categoría inmediata superior. El tiempo de servicio por sí solo no hará surgir el derecho a ser promovido al siguiente nivel siendo necesario haber alcanzado el puntaje mínimo a que se refiere el inciso tercero del artículo 38 de este reglamento. El académico que se encuentre ubicado en una categoría determinada pero que por méritos académicos "
14,¿Cuál es la jornada ordinaria del personal nombrado o contratado a tiempo completo?,reglamento_general_ley_organica_ues.pdf,20.0,False,8,reglamento_sistema_escalafon_personal_ues.pdf,Reglamento General del Sistema de Escalafón del Personal de la Universidad de El Salvador,18,18,80,709,708,0.49232685565948486,False,False,"n la primera semana hábil del mes de diciembre y tomarán posesión de su cargo la primera semana hábil del mes de enero del siguiente año. Sus integrantes durarán en sus cargos dos años, quienes podrán ser nombrados nuevamente por una sola vez en forma consecutiva, y en caso de que alguno de sus miembros faltare por renuncia u otro impedimento se hará del conocimiento del Decano de la Facultad respectiva y la Vice Rectoría Administrativa en Oficinas Centrales, para que éstos procedan a sustituirlos según sea el caso. Los Comités Locales de cada Facultad serán designados por la Comisión y en caso de Oficinas Centrales, por la Rectoría de la Universidad. Sección Segunda Ingreso a la Carrera del Personal Administrativo No Docente Normas aplicables Art. 63. - El nombramiento y contratación del "
14,¿Cuál es la jornada ordinaria del personal nombrado o contratado a tiempo completo?,reglamento_general_ley_organica_ues.pdf,20.0,False,9,reglamento_sistema_escalafon_personal_ues.pdf,Reglamento General del Sistema de Escalafón del Personal de la Universidad de El Salvador,5,5,23,652,651,0.4913642108440399,False,False,"as y asuetos, en la forma establecida en las leyes y reglamentos respectivos; e) Las prestaciones establecidas en los seguros de salud y de vida, contratados por la Universidad; f) Exención de pagos de matrícula y cuotas de escolaridad, cuando realice estudios de pre-grado y postgrado dentro de la Universidad; g) Dos días de descanso remunerado por cada semana de trabajo, excepto en el caso, que voluntariamente haya aceptado un horario diario diferente a ocho horas laborales, siempre que se respete la semana laboral de cuarenta horas, o que se trate de trabajo remunerado adicionalmente; h) Permiso para participar en actividades gremiales; i) Permuta o traslado voluntario, con la finalidad de seguir estudios, mejorar sus condiciones de trabajo o por razones de conveniencia familiar, en armo"
14,¿Cuál es la jornada ordinaria del personal nombrado o contratado a tiempo completo?,reglamento_general_ley_organica_ues.pdf,20.0,False,10,reglamento_sistema_escalafon_personal_ues.pdf,Reglamento General del Sistema de Escalafón del Personal de la Universidad de El Salvador,26,26,101,730,729,0.48819661140441895,False,False," vacante que conlleve condición de jefatura deberá ser ocupada preferentemente mediante promoción, en la que participarán los trabajadores administrativos que satisfagan los requerimientos que el cargo demanda. Los candidatos que no ganaron la plaza no obstante haber cumplido con los requisitos básicos que demanda el cargo, pasarán a formar parte del Banco de Datos de Recursos Humanos, a fin de ser considerados en posteriores ocasiones para ocupar las vacantes que se generen en cargos similares. El cumplimiento de esta obligación será responsabilidad de la Comisión de Administración de la Carrera del Personal Administrativo No Docente con la colaboración del Representante Legal del Sindicato mayoritario. En caso de declararse desierto con el personal interno, deberá sacarse a concurso públ"
15,¿Después de cuántos años de labores ordinarias nace el derecho al año sabático?,reglamento_sistema_escalafon_personal_ues.pdf,3.0,False,1,reglamento_sistema_escalafon_personal_ues.pdf,Reglamento General del Sistema de Escalafón del Personal de la Universidad de El Salvador,7,8,35,664,663,0.6202272772789001,True,False,"l hasta

432 que cumpla seis meses; éste permiso diario podrá extenderse por períodos de tres meses hasta que el recién nacido cumpla un año, con la recomendación del respectivo pediatra; a solicitud de la trabajadora, el permiso podrá fraccionarse en dos períodos de treinta minutos. Tales permisos se considerarán como horas de trabajo y remuneradas como tales. CAPITULO III DE LA CARRERA DEL PERSONAL ACADÉMICO Sección Primera De la Administración de la Carrera del Personal Académico Comité de Administración Art. 17. - Para el correcto cumplimiento del Escalafón del personal Académico, se instituirá en cada Facultad, un Comité de Administración de la Carrera del Personal Académico, el cual se denominará “El Comité”. Estará integrado por seis miembros propietarios de los cuales tres represen"
15,¿Después de cuántos años de labores ordinarias nace el derecho al año sabático?,reglamento_sistema_escalafon_personal_ues.pdf,3.0,False,2,reglamento_sistema_escalafon_personal_ues.pdf,Reglamento General del Sistema de Escalafón del Personal de la Universidad de El Salvador,28,28,111,740,739,0.610651433467865,True,False,"ía que tenga fijado un salario inferior al que tuviere asignado antes de la entrada en vigencia del presente reglamento. Inicio del año sabático Art. 99. - El Consejo Superior Universitario y las Juntas Directivas de las Facultades, deberán tomar las providencias necesarias para que el personal académico comience a gozar del derecho al año sabático a partir del año 2005. Para tal efecto tomando en cuenta el tiempo de servicio, se deberá aprobar la programación del primer ciclo correspondiente a los años 2005, 2006, 2007, 2008, 2009 y 2010. En lo sucesivo se seguirá aplicando ciclos recurrentes de 6 años. Manuales Art. 100. - El Consejo Superior Universitario deberá aprobar los Manuales a que se refiere el presente reglamento dentro del año siguiente a su entrada en vigencia. Mientras no ex"
15,¿Después de cuántos años de labores ordinarias nace el derecho al año sabático?,reglamento_sistema_escalafon_personal_ues.pdf,3.0,False,3,reglamento_sistema_escalafon_personal_ues.pdf,Reglamento General del Sistema de Escalafón del Personal de la Universidad de El Salvador,27,27,108,737,736,0.5704650282859802,True,False,"er eventual serán incorporados en la Ley de Salarios al cumplir dos años de servicio en la Universidad y también gozarán de los beneficios establecidos en el presente Reglamento. En el primer caso se estará sujeto a la aprobación de las respectiva Ley de Salarios por la Asamblea Legislativa. Instalación de organismos escalafonarios Art. 96. - Dentro de los sesenta días de la entrada en vigencia del presente reglamento, la Rectoría y los Decanos, en el ámbito de sus competencias, convocarán a quienes tengan derecho para la elección de los integrantes de las instancias competentes para la administración del Sistema de Escalafón, o notificarán su nombramiento a quienes actúan por designación. Los miembros electos tomarán posesión interinamente de sus cargos en la semana siguiente a la elecció"
15,¿Después de cuántos años de labores ordinarias nace el derecho al año sabático?,reglamento_sistema_escalafon_personal_ues.pdf,3.0,False,4,documento_fuente.pdf,Reglamento de la Gestión Académico-Administrativa de la Universidad de El Salvador,22,23,78,78,77,0.5666095614433289,False,False,"anciera al último ciclo que inscribió Unidades de Aprendizaje y en su defecto al último mes en que realizó gestión académico-administrativa. Los estudiantes que se activen, se incorporarán al último Plan de Estudios vigente en el Ciclo y año de su activación. Todo aquel estudiante inactivo por un período igual o mayor a cinco años deberá realizar trámite de revisión o asignación de cuota en la Unidad de Estudios Socioeconómicos. Definiciones Art. 79-A. Para efectos de la correcta aplicación del presente Reglamento, se entenderá por: Estudiante matriculado Es el estudiante que tiene matrícula vigente, conforme al artículo 40 de la Ley Orgánica, lo cual se comprobará con el recibo de pago de cuota de matrícula. Estudiante activo

23 Es el estudiante matriculado en el año académico correspond"
15,¿Después de cuántos años de labores ordinarias nace el derecho al año sabático?,reglamento_sistema_escalafon_personal_ues.pdf,3.0,False,5,reglamento_general_ley_organica_ues.pdf,Reglamento General de la Ley Orgánica de la Universidad de El Salvador,21,21,94,611,610,0.5593733787536621,False,False,"sin goce de sueldo no podrán exceder de dos meses en el año, salvo cuando se conceda por motivos de enfermedad en cuyo caso no deberá exceder de seis meses en el año; sin embargo, éste período podrá ser prorrogado mediante resolución del CSU. Para cumplir con obligaciones familiares que racionalmente reclamen su presencia como enfermedad grave del cónyuge o parientes del primer grado de consanguinidad, las licencias sin goce de sueldo podrán prorrogarse por un período mayor de 2 meses por acuerdo del CSU. Competencia para la concesión de licencias con o sin goce de sueldo Art. 90. - Sin perjuicio de lo establecido en los artículos 22 literal “n” y 26 literal “g”, ambos de la Ley Orgánica y las disposiciones del presente capítulo, las licencias con o sin goce de sueldo serán concedidas: a) "
15,¿Después de cuántos años de labores ordinarias nace el derecho al año sabático?,reglamento_sistema_escalafon_personal_ues.pdf,3.0,False,6,reglamento_sistema_escalafon_personal_ues.pdf,Reglamento General del Sistema de Escalafón del Personal de la Universidad de El Salvador,4,4,18,647,646,0.5583121180534363,True,False,"o automático, exención de pago de cuotas de matricula y escolaridad y demás cuotas académicas legalmente establecidas, en la carrera que elijan los hijos del Personal Académico y Administrativo no docente, que labora como mínimo desde medio tiempo, siempre que cumpla con los requisitos legales y reglamentarios establecidos. Este derecho se gozará a partir del momento en que inicie la relación laboral con la Universidad, y se mantendrá vigente, no obstante retiro voluntario del personal después de diez años de servicio; o en caso de jubilación o muerte, después de tres años de servicio; f) En caso de disolución de la relación laboral por jubilación, fallecimiento, supresión de plaza o terminación de contrato, renuncia voluntaria e invalidez permanente, el miembro del Personal Académico o Ad"
15,¿Después de cuántos años de labores ordinarias nace el derecho al año sabático?,reglamento_sistema_escalafon_personal_ues.pdf,3.0,False,7,reglamento_general_ley_organica_ues.pdf,Reglamento General de la Ley Orgánica de la Universidad de El Salvador,21,21,90,607,606,0.5461581945419312,False,False,"sta por seis meses; para que el mismo adquiera carácter permanente se requerirá de acuerdo del CSU. Asuetos y vacaciones Art. 86. - Lo referente a asuetos y vacaciones del Personal Académico y Administrativo de la Universidad, se regirá por las leyes que regulan ésta materia. Licencias Art. 87. - El personal de la Universidad, tendrá derecho a licencia con goce de sueldo en los casos siguientes: a) Por el tiempo necesario para cumplir con obligaciones inexcusables de carácter público, impuestas por la Ley o por disposición administrativa de la autoridad competente; b) Para cumplir con obligaciones familiares que racionalmente reclamen su presencia como en los casos de muerte o enfermedad grave del cónyuge o parientes del primer grado de consanguinidad, hasta un máximo de treinta días en ca"
15,¿Después de cuántos años de labores ordinarias nace el derecho al año sabático?,reglamento_sistema_escalafon_personal_ues.pdf,3.0,False,8,reglamento_sistema_escalafon_personal_ues.pdf,Reglamento General del Sistema de Escalafón del Personal de la Universidad de El Salvador,5,5,23,652,651,0.5401588082313538,True,False,"as y asuetos, en la forma establecida en las leyes y reglamentos respectivos; e) Las prestaciones establecidas en los seguros de salud y de vida, contratados por la Universidad; f) Exención de pagos de matrícula y cuotas de escolaridad, cuando realice estudios de pre-grado y postgrado dentro de la Universidad; g) Dos días de descanso remunerado por cada semana de trabajo, excepto en el caso, que voluntariamente haya aceptado un horario diario diferente a ocho horas laborales, siempre que se respete la semana laboral de cuarenta horas, o que se trate de trabajo remunerado adicionalmente; h) Permiso para participar en actividades gremiales; i) Permuta o traslado voluntario, con la finalidad de seguir estudios, mejorar sus condiciones de trabajo o por razones de conveniencia familiar, en armo"
15,¿Después de cuántos años de labores ordinarias nace el derecho al año sabático?,reglamento_sistema_escalafon_personal_ues.pdf,3.0,False,9,reglamento_sistema_escalafon_personal_ues.pdf,Reglamento General del Sistema de Escalafón del Personal de la Universidad de El Salvador,19,19,83,712,711,0.5271114110946655,True,False," tener historial laboral con sanciones o demérito que lo descalifiquen como elegible, con apego a lo establecido en el artículo 10 de este Reglamento y tener acumulado un promedio del 70% de sus evaluaciones del desempeño; y para el numeral 3 se hará por medio de un aviso que se publicará en uno de los periódicos de mayor circulación en el país con no menos de siete días de anticipación a la fecha de cierre de la recepción de documentos. Período de prueba Art. 66. - El personal de nuevo ingreso se contratará interinamente por un período de prueba de tres meses, el cual se sujetará a las siguientes condiciones: 1) Los nombramientos de las personas que de conformidad con las presentes disposiciones ingresen al servicio de la Universidad, se harán interinamente; 2) Durante el período de prueb"
15,¿Después de cuántos años de labores ordinarias nace el derecho al año sabático?,reglamento_sistema_escalafon_personal_ues.pdf,3.0,False,10,ley_organica_ues.pdf,Ley Orgánica de la Universidad de El Salvador,20,20,95,312,311,0.5248163938522339,False,False,"e inicie en el año dos mil uno. Elaboración del sistema de escalafón Art. 88. - El sistema de escalafón a que se refiere el artículo 52, deberá elaborarse y aprobarse por las instancias correspondientes, dentro de un plazo no mayor de ciento ochenta días contados a partir de la vigencia de la presente Ley. Creación de la Defensoría Art. 89. - La Defensoría de los Derechos de los miembros de la Universidad a que se refiere el artículo 62 de la presente Ley, será creada a partir del año dos mil. El Consejo Superior Universitario tomará las providencias necesarias para su instauración; debiendo planificar y ejecutar los ajustes presupuestarios para su funcionamiento y tomar las providencias necesarias para la elección de su titular. Derogatoria Art. 90. - Derógase la Ley Orgánica de la Univer"
16,¿A cuántas horas de trabajo del estudiante equivale como mínimo cada Unidad Valorativa?,reglamento_unidades_valorativas_cum_ues.pdf,2.0,False,1,reglamento_unidades_valorativas_cum_ues.pdf,Reglamento del Sistema de Unidades Valorativas y de Coeficiente de Unidades de Mérito de la Universidad de El Salvador,1,2,4,747,746,0.7879098653793335,True,True,"ras de clase, los laboratorios, las prácticas, discusiones y cualquier otra actividad académica establecida en el respectivo plan y programa de estudios.

405 Cada Unidad Valorativa equivaldrá como mínimo a veinte horas de trabajo del estudiante, atendidas por un profesor, en un ciclo de dieciséis semanas entendiéndose la hora académica de cincuenta minutos. b) UNIDAD DE MÉRITO (UM): La Unidad de Merito es la calificación final de cada asignatura, multiplicada por sus Unidades Valorativas. c) COEFICIENTE DE UNIDADES DE MERITO (CUM): Es el cociente resultante de dividir el total de unidades de mérito ganadas, entre el total de unidades valorativas de las asignaturas cursadas y aprobadas. d) ASIGNATURA: Para efectos de cálculo del CUM, el término asignatura será aplicable indistintamente par"
16,¿A cuántas horas de trabajo del estudiante equivale como mínimo cada Unidad Valorativa?,reglamento_unidades_valorativas_cum_ues.pdf,2.0,False,2,documento_fuente.pdf,Reglamento de la Gestión Académico-Administrativa de la Universidad de El Salvador,23,23,79,79,78,0.6114654541015625,False,False,"iente y que mantiene inscripción de Unidades de Aprendizaje en cada ciclo. Asimismo el egresado que se encuentra matriculado y ha inscrito su trabajo de graduación. Estudiante regular Es el estudiante que ha mantenido inscripción de Unidades de Aprendizaje durante todos los ciclos correspondientes al período, con un mínimo del 40% de cada ciclo que su plan de estudios le permite inscribir, según lo dispone el Art. 66 inciso segundo del Reglamento General de la Ley Orgánica. Egresado matriculado Es el estudiante que ha cursado y aprobado la totalidad de unidades de aprendizaje que le exige su plan de estudios y que mantiene matricula conforme el Art. 40 de la Ley Orgánica, en el año académico correspondiente y que mantiene vigente la calidad de egresado y no ha inscrito su proceso de gradua"
16,¿A cuántas horas de trabajo del estudiante equivale como mínimo cada Unidad Valorativa?,reglamento_unidades_valorativas_cum_ues.pdf,2.0,False,3,documento_fuente.pdf,Reglamento de la Gestión Académico-Administrativa de la Universidad de El Salvador,29,29,100,100,99,0.6070666909217834,False,False,"duración máxima de 6 semanas, el estudiante podrá inscribir y cursar una carga académica máxima de 6 unidades valorativas. Las Unidades de Aprendizaje a impartirse en el Ciclo extraordinario serán aquéllas que no requieran un período prolongado de actividad académica, las que deberán establecerse en el respectivo plan de estudios. Artículo 108. Para efecto de registro académico, las Unidades de Aprendizaje del Ciclo Extraordinario se planificarán y reportarán como Ciclo III. Artículo 109. El período para el inicio y finalización de las actividades académica administrativas en el Ciclo extraordinario, lo fijará el Consejo Superior Universitario a propuesta de la Junta Directiva. TITULO VII INSCRIPCIÓN, RETIRO Y EVALUACION DE UNIDADES DE APRENDIZAJE CAPITULO I PROCEDIMIENTO DE INSCRIPCION IN"
16,¿A cuántas horas de trabajo del estudiante equivale como mínimo cada Unidad Valorativa?,reglamento_unidades_valorativas_cum_ues.pdf,2.0,False,4,reglamento_unidades_valorativas_cum_ues.pdf,Reglamento del Sistema de Unidades Valorativas y de Coeficiente de Unidades de Mérito de la Universidad de El Salvador,2,2,6,749,748,0.5964272022247314,True,False,"s y la exigencia en Unidades Valorativas, que para cada caso establece la Ley de Educación Superior. Las Unidades Valorativas se establecerán para cada asignatura de acuerdo a los planes y programas de estudio aprobados por el Consejo Superior Universitario a propuesta de la Unidad Académica correspondiente, o por el Ministerio de Educación en el caso de los profesorados. CAPITULO III DEL SISTEMA DE COEFICIENTE DE UNIDADES DE MÉRITO Tipos de CUM Art. 6. - Para efectos del registro del rendimiento académico de cada estudiante, se establecen dos tipos de CUM: a) CUM Relativo: Es aquel que mide el rendimiento del estudiante en el ciclo; b) CUM Acumulado: Es aquel que mide el rendimiento del estudiante, respecto a todas las asignaturas aprobadas según el avance en su plan de estudios; y c) CUM"
16,¿A cuántas horas de trabajo del estudiante equivale como mínimo cada Unidad Valorativa?,reglamento_unidades_valorativas_cum_ues.pdf,2.0,False,5,documento_fuente.pdf,Reglamento de la Gestión Académico-Administrativa de la Universidad de El Salvador,39,39,134,134,133,0.5956515073776245,False,False,"obados entre el 51 y 60% de estudiantes, estos tendrán derecho a solicitar al Jefe de Departamento o Escuela respectivo, la repetición de la prueba en la unidad de aprendizaje de que se trate, dentro del plazo de tres días hábiles después de haber sido publicadas oficialmente las notas. El jefe de Departamento o Director de Escuela vista la solicitud, resolverá señalando lugar, día, hora y responsable de practicar la prueba dentro de las 48 horas siguientes a la solicitud previo notificación a los solicitantes. Cuando resultaren reprobados más del 60 % de estudiantes en una prueba sumativa, esta se repetirá de oficio, observando el tramite anterior. En ambos casos, el Jefe de Departamento o Director de escuela, junto con el docente responsable efectuaran un análisis de los problemas que oc"
16,¿A cuántas horas de trabajo del estudiante equivale como mínimo cada Unidad Valorativa?,reglamento_unidades_valorativas_cum_ues.pdf,2.0,False,6,reglamento_sistema_escalafon_personal_ues.pdf,Reglamento General del Sistema de Escalafón del Personal de la Universidad de El Salvador,3,3,13,642,641,0.5946600437164307,False,False,"l que labora en la Universidad haciendo un total de cuarenta horas semanales. La jornada diaria puede ser establecida y modificada dependiendo de las necesidades del servicio que se presta, siempre que se observe la jornada semanal máxima; 7) Tiempo Integral: Es una modalidad de contratación en la cual el personal está al servicio exclusivo de la Universidad y no puede percibir otros ingresos dentro o fuera de la misma, excepto por premios científicos, literarios, derechos de autor y dietas legalmente aprobadas en cualquier organismo; 8) Tiempo Parcial: Es aquel en el cual el personal académico y administrativo no docente presta servicios a la Universidad por un tiempo menor a lo establecido para el personal a tiempo completo; 9) Año Sabático: Es el derecho de que goza el personal que desa"
16,¿A cuántas horas de trabajo del estudiante equivale como mínimo cada Unidad Valorativa?,reglamento_unidades_valorativas_cum_ues.pdf,2.0,False,7,documento_fuente.pdf,Reglamento de la Gestión Académico-Administrativa de la Universidad de El Salvador,42,42,145,145,144,0.5945029258728027,False,False,"en el país o en el extranjero. Aplicará para equivalencias, las Unidades de Aprendizaje reprobadas. MÁXIMO DE EQUIVALENCIAS. Articulo 169. El estudiante que ingrese por equivalencias a una carrera, se le otorgara como máximo de equivalencias el 70 por ciento de las Unidades Valorativas de la carrera a estudiar, siempre que la homologación de los programas de estudio arroje un 80 por ciento de equivalencia de contenidos. EQUIVALENCIAS INTERNAS. Articulo 170. Cuando al estudiante se le autorice su cambio de carrera, podrá solicitar las equivalencias de las Unidades de Aprendizajes pertinentes. El graduado de la Universidad de El Salvador que sea admitido en una nueva carrera, podrá solicitar equivalencias de Unidades de Aprendizajes cursadas en la carrera anterior. PROCEDIMIENTO DE EQUIVALEN"
16,¿A cuántas horas de trabajo del estudiante equivale como mínimo cada Unidad Valorativa?,reglamento_unidades_valorativas_cum_ues.pdf,2.0,False,8,documento_fuente.pdf,Reglamento de la Gestión Académico-Administrativa de la Universidad de El Salvador,22,23,78,78,77,0.5881445407867432,False,False,"anciera al último ciclo que inscribió Unidades de Aprendizaje y en su defecto al último mes en que realizó gestión académico-administrativa. Los estudiantes que se activen, se incorporarán al último Plan de Estudios vigente en el Ciclo y año de su activación. Todo aquel estudiante inactivo por un período igual o mayor a cinco años deberá realizar trámite de revisión o asignación de cuota en la Unidad de Estudios Socioeconómicos. Definiciones Art. 79-A. Para efectos de la correcta aplicación del presente Reglamento, se entenderá por: Estudiante matriculado Es el estudiante que tiene matrícula vigente, conforme al artículo 40 de la Ley Orgánica, lo cual se comprobará con el recibo de pago de cuota de matrícula. Estudiante activo

23 Es el estudiante matriculado en el año académico correspond"
16,¿A cuántas horas de trabajo del estudiante equivale como mínimo cada Unidad Valorativa?,reglamento_unidades_valorativas_cum_ues.pdf,2.0,False,9,reglamento_unidades_valorativas_cum_ues.pdf,Reglamento del Sistema de Unidades Valorativas y de Coeficiente de Unidades de Mérito de la Universidad de El Salvador,5,5,18,761,760,0.58391273021698,True,False,"fectuar las operaciones del cálculo aritmético para la obtención del CUM relativo y acumulado de cada estudiante, el cual deberá ser notificado por escrito a los estudiantes al final de cada ciclo de estudio; y al respectivo docente asesor. Los informes respectivos serán remitidos además a la Administración Académica Central. Obligaciones de las Facultades Art. 15. - Las Facultades deberán impulsar las medidas o políticas académicas pertinentes a fin de garantizar los óptimos niveles de aprobación y rendimiento académico de los estudiantes y del mejoramiento sostenido de su CUM relativo y acumulado. Difusión Art. 16. - La Vicerrectoría Académica en coordinación con las autoridades de las Facultades, tomarán las providencias necesarias para la adecuada y permanente difusión y aplicación del"
16,¿A cuántas horas de trabajo del estudiante equivale como mínimo cada Unidad Valorativa?,reglamento_unidades_valorativas_cum_ues.pdf,2.0,False,10,ley_organica_ues.pdf,Ley Orgánica de la Universidad de El Salvador,3,3,11,228,227,0.5822296142578125,False,False,"entará en forma documentada al solicitar su ingreso o reingreso a la UES; b) Su rendimiento académico; y c) El centro de estudios y la cuota de escolaridad que pagó durante su educación media. La cuota de escolaridad será establecida por un organismo especializado adscrito al Consejo Superior Universitario, considerando la menor o mayor capacidad económica del aspirante; sin embargo, en ningún caso esta cuota será mayor al equivalente de diez días del salario mínimo para la zona urbana. Cuando el aspirante lo prefiera, podrá abstenerse de presentar la declaración jurada a que se refiere el presente articulo; pero, en tal caso, asumirá automáticamente la cuota máxima de escolaridad. Igual pago se le establecerá al aspirante que, en perjuicio económico de la UES, mienta, oculte o tergiverse "
17,¿Cuál es la contraseña vigente de la red Wi-Fi del campus central?,,,True,1,documento_fuente.pdf,Reglamento de la Gestión Académico-Administrativa de la Universidad de El Salvador,41,41,142,142,141,0.29044073820114136,False,False,"Académica de destino, notificará al estudiante y a la Administración Académica de procedencia. Ésta última deberá enviar copia del expediente del estudiante a más tardar dentro de los cinco días hábiles y se realizará la respectiva actualización en el Sistema de Información y Comunicación de Procesos Académicos. *** CAPITULO II SOLICITUD Y PERTINENCIA DEL TRASLADO DEL TRASLADO. Articulo 163. El traslado de estudiantes entre facultades, es la acción voluntaria o forzada, que realiza un estudiante para continuar el estudio de la misma carrera en diferente Facultad. Se consideran razones de traslado forzado, cuando el estudiante cambia de domicilio familiar o laboral y enfermedad. TRASLADO AUTOMÁTICO. Articulo 164. Los traslados provenientes de carreras que se sirven en forma incompleta en la"
17,¿Cuál es la contraseña vigente de la red Wi-Fi del campus central?,,,True,2,reglamento_electoral_ues.pdf,Reglamento Electoral de la Universidad de El Salvador,7,7,20,456,455,0.28747862577438354,False,False,"informativas o cualquier otro medio de comunicación. Obligación de la Administración Académica Art. 13. La Administración Académica de cada Facultad a través de su jefatura deberá proporcionar por escrito el padrón electoral estudiantil, en los tres días hábiles siguientes a la solicitud que al efecto le haga el CEE. El padrón deberá contener la siguiente información: a) Los ejemplares que sean necesarios de los listados estudiantiles de matriculados y activos de la Facultad, debidamente firmados y sellados; y b) La lista de estudiantes de la Facultad que cumplan con los requisitos que establece el artículo 15 letra “c” de la Ley Orgánica. De las listas mencionadas, un ejemplar debe ser entregado al CEE de la Facultad, otro deberá colocarse en un lugar visible y de acceso a la población es"
17,¿Cuál es la contraseña vigente de la red Wi-Fi del campus central?,,,True,3,documento_fuente.pdf,Reglamento de la Gestión Académico-Administrativa de la Universidad de El Salvador,32,32,109,109,108,0.2868993282318115,False,False,"IONADA. Artículo 121. El Vicedecanato de Facultad, podrá autorizar la inscripción condicionada de un estudiante, cuando los motivos para no realizarla, sean la solvencia de pagos de cuotas de escolaridad, para lo cual el estudiante deberá suscribir una carta compromiso, estableciéndose para el pago un plazo máximo de sesenta días calendarios, finalizando este periodo sin que se haya hecho efectiva la obligación, la desinscripción será de pleno derecho, la Administración Académica de Facultad, certificara tal situación. Bajo ninguna circunstancia podrá ampliarse o prorrogarse dicho plazo. Las responsabilidades adquiridas en la inscripción por el estudiante son ineludibles. Artículo 122. Se permitirá la condición de estudiante en calidad de oyente a todo estudiante que tenga algún trámite o "
17,¿Cuál es la contraseña vigente de la red Wi-Fi del campus central?,,,True,4,documento_fuente.pdf,Reglamento de la Gestión Académico-Administrativa de la Universidad de El Salvador,23,23,79,79,78,0.2737063765525818,False,False,"iente y que mantiene inscripción de Unidades de Aprendizaje en cada ciclo. Asimismo el egresado que se encuentra matriculado y ha inscrito su trabajo de graduación. Estudiante regular Es el estudiante que ha mantenido inscripción de Unidades de Aprendizaje durante todos los ciclos correspondientes al período, con un mínimo del 40% de cada ciclo que su plan de estudios le permite inscribir, según lo dispone el Art. 66 inciso segundo del Reglamento General de la Ley Orgánica. Egresado matriculado Es el estudiante que ha cursado y aprobado la totalidad de unidades de aprendizaje que le exige su plan de estudios y que mantiene matricula conforme el Art. 40 de la Ley Orgánica, en el año académico correspondiente y que mantiene vigente la calidad de egresado y no ha inscrito su proceso de gradua"
17,¿Cuál es la contraseña vigente de la red Wi-Fi del campus central?,,,True,5,reglamento_general_ley_organica_ues.pdf,Reglamento General de la Ley Orgánica de la Universidad de El Salvador,21,21,90,607,606,0.2734019160270691,False,False,"sta por seis meses; para que el mismo adquiera carácter permanente se requerirá de acuerdo del CSU. Asuetos y vacaciones Art. 86. - Lo referente a asuetos y vacaciones del Personal Académico y Administrativo de la Universidad, se regirá por las leyes que regulan ésta materia. Licencias Art. 87. - El personal de la Universidad, tendrá derecho a licencia con goce de sueldo en los casos siguientes: a) Por el tiempo necesario para cumplir con obligaciones inexcusables de carácter público, impuestas por la Ley o por disposición administrativa de la autoridad competente; b) Para cumplir con obligaciones familiares que racionalmente reclamen su presencia como en los casos de muerte o enfermedad grave del cónyuge o parientes del primer grado de consanguinidad, hasta un máximo de treinta días en ca"
17,¿Cuál es la contraseña vigente de la red Wi-Fi del campus central?,,,True,6,reglamento_sistema_escalafon_personal_ues.pdf,Reglamento General del Sistema de Escalafón del Personal de la Universidad de El Salvador,26,26,100,729,728,0.2598816752433777,False,False,"ento del plan anual de capacitación de su personal, dentro del sistema institucional regulado en el presente artículo. Garantía de participación Art. 83. - Los Decanos en las respectivas Facultades y la Unidad de Recursos Humanos, en el caso de Oficinas Centrales, serán responsables de garantizar la participación de su Personal Administrativo en los programas de formación, capacitación y actualización, estos programas deberán realizarse en la Universidad preferentemente o en Instituciones Nacionales o Extranjeras de reconocido prestigio. La Institución a través de sus autoridades gestionará con otras Universidades u Organismos Nacionales e Internacionales, la subvención de becas internas y externas de acuerdo a la necesidad de la misma Universidad. Vacante de Jefatura Art. 84. - Toda plaza"
17,¿Cuál es la contraseña vigente de la red Wi-Fi del campus central?,,,True,7,reglamento_unidades_valorativas_cum_ues.pdf,Reglamento del Sistema de Unidades Valorativas y de Coeficiente de Unidades de Mérito de la Universidad de El Salvador,5,5,17,760,759,0.2581673264503479,False,False,"ama especial de refuerzo académico, genera el derecho a obtener de inmediato la declaratoria de egresado. Emisión de Certificaciones o Constancias de Notas Art. 13. - Las certificaciones o constancias globales de notas deberán emitirse con las calificaciones obtenidas por el estudiante en los ciclos regulares de su carrera o en su defecto las que haya registrado de acuerdo al artículo 12 de este Reglamento. Todas las constancias o certificaciones emitidas por la Administración Académica deberán incluir el CUM mínimo exigido por la Universidad de conformidad al presente Reglamento y el CUM Acumulado final obtenido por el estudiante. CAPITULO V DISPOSICIONES GENERALES Cálculo aritmético del CUM y Remisión de Notas Art. 14. - Las administraciones académicas locales serán las responsables de e"
17,¿Cuál es la contraseña vigente de la red Wi-Fi del campus central?,,,True,8,reglamento_sistema_escalafon_personal_ues.pdf,Reglamento General del Sistema de Escalafón del Personal de la Universidad de El Salvador,11,11,50,679,678,0.2570817768573761,False,False," I, II, III y IV. Registro Escalafonario Art. 36. - El Registro Escalafonario de la Universidad, estará a cargo de la Unidad de Recursos Humanos adscrita a la Vicerrectoría Administrativa, la cual tendrá las atribuciones siguientes: 1) Llevar y mantener actualizado el registro escalafonario centralizado de la Universidad, en el que se asentará la información personal de los inscritos relacionada con el desempeño profesional y laboral; 2) Colaborar con el Comité de cada Facultad, en lo correspondiente al registro de los docentes; 3) Proporcionar la información que le sea solicitada por el Comité de cada Facultad respecto de los inscritos; y 4) Emitir los atestados correspondientes cuando el caso lo amerite. Sección Segunda De la Escala de Calificación Escalafonaria Aspectos a Calificar Art."
17,¿Cuál es la contraseña vigente de la red Wi-Fi del campus central?,,,True,9,reglamento_sistema_escalafon_personal_ues.pdf,Reglamento General del Sistema de Escalafón del Personal de la Universidad de El Salvador,14,15,66,695,694,0.25295841693878174,False,False," 57 86 Los puntajes contenidos en ella son acumulables. Actualización del Registro Escalafonario Art. 46. - Los Comités de las diferentes Facultades, de acuerdo a los procedimientos establecidos en este reglamento, remitirán la información necesaria, para que la Unidad de Recursos Humanos de la Universidad

439 actualice dentro de los primeros tres meses de cada año la inscripción en el registro escalafonario de cada uno de los académicos inscritos, debiendo notificárseles por escrito su nueva situación dentro del referido registro, así como los movimientos salariales a que hubiere lugar los que podrán operar a partir de la fecha de la mencionada notificación. Escala de Salarios Art. 47. - A la entrada en vigencia del presente reglamento, o en el momento que se establezca en las disposicio"
17,¿Cuál es la contraseña vigente de la red Wi-Fi del campus central?,,,True,10,ley_organica_ues.pdf,Ley Orgánica de la Universidad de El Salvador,16,16,76,293,292,0.25244754552841187,False,False,"l Registro de la Propiedad Raíz correspondiente, quedando así, dicho inmueble, sujeto a las disposiciones del derecho común. Los bienes muebles que formen parte del patrimonio universitario y que no tengan valor cultural declarado legalmente, sólo podrán ser enajenados o gravados previa autorización del Consejo Superior Universitario, en los términos que fije el reglamento general de esta Ley. En todo caso, los recursos obtenidos mediante la enajenación o el gravamen de los bienes patrimoniales de la Universidad, sólo podrán emplearse para la consecución de sus fines. Exención de impuestos Art. 65. - El patrimonio de la Universidad estará exento de cualquier tipo de impuestos estatales y municipales. CAPÍTULO X DEL RÉGIMEN ECONÓMICO FISCAL Sección Primera Del Planeamiento y del Presupuesto"
18,¿Qué marca y modelo de computadoras se compró para el laboratorio de inteligencia artificial en 2026?,,,True,1,documento_fuente.pdf,Reglamento de la Gestión Académico-Administrativa de la Universidad de El Salvador,46,47,161,161,160,0.3880157768726349,False,False,"ecogen datos según el plan de investigación preestablecido que, una vez analizados e interpretados, permitirán resolver la problemática planteada pudiendo modificar o añadir nuevos conocimientos a los ya existentes. TIPO DE INVESTIGACIÓN. Artículo 191. La investigación estará referida a la solución de un problema, tema o fenómeno de trascendencia para el desarrollo de las disciplinas científicas relativas a la

47 carrera cursada, cuyos resultados se deberán plasmar en un documento que constituirá un informe final de la investigación realizada y la cual estará determinada por cada área de conocimiento. REQUISITOS PARA INSCRIPCIÓN. Artículo 192. Los estudiantes que cumplan los requisitos establecidos en los planes y programas de estudios vigentes en cada carrera, se inscribirán para desarro"
18,¿Qué marca y modelo de computadoras se compró para el laboratorio de inteligencia artificial en 2026?,,,True,2,ley_organica_ues.pdf,Ley Orgánica de la Universidad de El Salvador,20,20,95,312,311,0.36076515913009644,False,False,"e inicie en el año dos mil uno. Elaboración del sistema de escalafón Art. 88. - El sistema de escalafón a que se refiere el artículo 52, deberá elaborarse y aprobarse por las instancias correspondientes, dentro de un plazo no mayor de ciento ochenta días contados a partir de la vigencia de la presente Ley. Creación de la Defensoría Art. 89. - La Defensoría de los Derechos de los miembros de la Universidad a que se refiere el artículo 62 de la presente Ley, será creada a partir del año dos mil. El Consejo Superior Universitario tomará las providencias necesarias para su instauración; debiendo planificar y ejecutar los ajustes presupuestarios para su funcionamiento y tomar las providencias necesarias para la elección de su titular. Derogatoria Art. 90. - Derógase la Ley Orgánica de la Univer"
18,¿Qué marca y modelo de computadoras se compró para el laboratorio de inteligencia artificial en 2026?,,,True,3,reglamento_arancel_academico_ues.pdf,Reglamento General de Arancel Académico de la Universidad de El Salvador,4,4,9,322,321,0.2985932230949402,False,False,"1 de junio de 1999, publicado en el D.O. Nº 3, Tomo 346, del 5 de enero de 2000. REFORMAS: (1) AUES. Nº 46/99-01 (VII), del 13 de octubre de 2000, publicado en el D.O. Nº 210, Tomo 349, del 9 de noviembre de 2000. (2) AUES. Nº 54/99-01 (VI), del 15 de diciembre de 2000, publicado en el D.O. Nº 36, Tomo 350, del 19 de febrero de 2001."
18,¿Qué marca y modelo de computadoras se compró para el laboratorio de inteligencia artificial en 2026?,,,True,4,reglamento_general_ley_organica_ues.pdf,Reglamento General de la Ley Orgánica de la Universidad de El Salvador,8,9,34,551,550,0.2979734539985657,False,False,"académicas y administrativas de la Universidad deberán presentar al CSU y a la UFI, su respectivo anteproyecto de Presupuesto y Sistema de Salarios de sus respectivas unidades a más tardar en la segunda quincena de marzo para la consolidación y elaboración del Anteproyecto de Presupuesto de la UES.

354 El CSU remitirá dicho anteproyecto a la AGU para su aprobación, a más tardar el último día hábil del mes de mayo, teniendo ésta que aprobarlo en la primera quincena de junio, este término podrá modificarse de acuerdo a la programación que establezca el Ministerio de Hacienda o de Educación. Evaluación de las actividades de la UES Art. 33. - De conformidad con el inciso segundo del artículo 68 de la Ley Orgánica, será la Rectoría con apoyo de las Vicerrectorías, la Secretaría de Planificació"
18,¿Qué marca y modelo de computadoras se compró para el laboratorio de inteligencia artificial en 2026?,,,True,5,documento_fuente.pdf,Reglamento de la Gestión Académico-Administrativa de la Universidad de El Salvador,36,36,125,125,124,0.29671019315719604,False,False,"s administraciones Académicas Locales enviaran a la Administración Académica Central los colectores de las evaluaciones realizadas por los estudiantes a más tardar dentro de la tercera semana después de finalizado el ciclo respectivo, para el archivo correspondiente. Articulo 142. La Junta Directiva de Facultad, aprobará el calendario general de las evaluaciones, de acuerdo al calendario de actividades académicas–administrativas aprobado por el Consejo Superior Universitario. La Dirección o Jefatura responsable informará a la población interesada sobre el calendario antes mencionado por todos los medios a su alcance y no podrá ser modificado arbitrariamente. Artículo 143. Las actividades de evaluación de un mismo nivel de estudio se calendarizarán, evitando la simultaneidad de las evaluaci"
18,¿Qué marca y modelo de computadoras se compró para el laboratorio de inteligencia artificial en 2026?,,,True,6,documento_fuente.pdf,Reglamento de la Gestión Académico-Administrativa de la Universidad de El Salvador,27,27,94,94,93,0.2963079512119293,False,False,"s en la Universidad de El Salvador, deberá evidenciar la viabilidad para su funcionamiento. SOBRE LA REVISIÓN DEL PLAN DE ESTUDIO. Artículo 97. La revisión integral de los planes de estudio deberá realizarse a más tardar dos años después del periodo de duración de la carrera y será ejecutado por una comisión curricular de la respectiva Facultad o Facultades involucradas con el propósito de su actualización. Artículo 98. Para la revisión de los planes de Estudios deberá tomarse en cuenta los siguientes aspectos: a) Los fines y principios filosóficos de la Universidad; b) El plan de desarrollo vigente de la Universidad de El Salvador. c) Duración de los planes de estudio, así como las exigencias mínimas de Unidades Valorativas, según lo establece la Ley de Educación Superior; d) La modalidad"
18,¿Qué marca y modelo de computadoras se compró para el laboratorio de inteligencia artificial en 2026?,,,True,7,reglamento_becas_ues.pdf,Reglamento de Becas de la Universidad de El Salvador,13,14,56,378,377,0.2924709916114807,False,False,"DISPOSICIONES GENERALES Art. 76. – El Consejo de Becas y de Investigaciones Científicas elaborará a la mayor brevedad, el proyecto de su Reglamento Interno, y lo someterá a la aprobación del Consejo Superior Universitario. Art. 77. – Tratándose de Becas y de Post-Grado, el Consejo de Becas y de Investigaciones Científicas, elaborará los formularios de solicitudes de admisión, los cuales distribuirá, en cada período de inscripción, a

423 las diferentes Facultades y demás oficinas o dependencias administrativas, a efecto de que las respectivas autoridades las distribuyan entre los interesados. Las solicitudes de admisión a las Becas, deberán presentarse en la respectiva Facultad o dependencias administrativas, de donde se enviarán al consejo de Becas. Todo lo relacionado con Becas estudiant"
18,¿Qué marca y modelo de computadoras se compró para el laboratorio de inteligencia artificial en 2026?,,,True,8,reglamento_electoral_ues.pdf,Reglamento Electoral de la Universidad de El Salvador,24,24,75,511,510,0.28782716393470764,False,False,"e circulación nacional, a más tardar la tercera semana de abril del año en que concluya el período de funciones para miembros de la AGU; y a más tardar la tercera semana de agosto en que concluye el período de funciones para la elección de otros cargos regulados en el presente Reglamento. La Junta Directiva de la AGU solicitará incluir como punto de agenda la elección de funcionarios, a las asociaciones de profesionales no docentes. Divulgación del calendario electoral Art. 64. Los comités electorales deberán publicar el calendario electoral en los órganos de divulgación de la UES y demás medios que estimen conveniente. Papeletas de votación Art. 65. Las papeletas de votación, para cualquier elección deberán ser elaboradas en la imprenta universitaria, por orden del Presidente de la AGU o "
18,¿Qué marca y modelo de computadoras se compró para el laboratorio de inteligencia artificial en 2026?,,,True,9,documento_fuente.pdf,Reglamento de la Gestión Académico-Administrativa de la Universidad de El Salvador,49,49,170,170,169,0.2870987057685852,False,False,"stigación: Consiste en el diseño del Proyecto, Protocolo o Plan de Investigación. Etapa II: Presentación y Evaluación pública (defensa oral) de resultados finales de investigación Etapa III: Exposición y defensa del informe final de investigación. De acuerdo a la naturaleza de cada una de las carreras, las Facultades deberán regular en su Reglamento Específico de Graduación los componentes de las Etapas I y II. (derogado)*** Artículo 204. El tiempo para la realización del trabajo de grado tendrá un periodo ordinario con una duración de seis meses mínimo y un máximo de 3 años, pudiendo prorrogarse por tres años más previa solicitud del estudiante, debidamente justificada, ante Junta Directiva de la Facultad, siempre y cuando conserve su calidad de egresado.*** INASISTENCIA Y ABANDONO. Artíc"
18,¿Qué marca y modelo de computadoras se compró para el laboratorio de inteligencia artificial en 2026?,,,True,10,documento_fuente.pdf,Reglamento de la Gestión Académico-Administrativa de la Universidad de El Salvador,13,14,47,47,46,0.2840367555618286,False,False,"dos por las Juntas Directivas de Facultad, acorde al respectivo plan operativo. CAPÍTULO II PROCESO DE SELECCIÓN DETERMINACIÓN DEL CUPO POR CARRERA. Artículo 36. Las Juntas Directivas establecerán anualmente el cupo disponible en las diferentes carreras de cada Facultad, técnicamente sustentado de acuerdo a estudio de factibilidad desarrollado por el Comité de Ingreso Universitario de Facultad, el cual deberá

14 ser de carácter público y en caso de ser necesario será auditado por parte del Consejo Superior Universitario. El estudio de factibilidad deberá tomar en cuenta los siguientes aspectos: disponibilidad financiera, espacio físico, planta docente, estimación de deserción de aspirantes, estimación de traslados de carrera, material y equipo didáctico, franjas de horario y aquellos fact"
